宝可梦地区,现实地区,pokemon,纬度,经度,推荐地址,是否精确匹配,,,
真新镇,町田市,妙蛙种子、小火龙、杰尼龟、皮卡丘、鲤鱼王、蚊香蝌蚪、角金鱼、海星星、玛瑙水母、毒刺水母、灯笼鱼、大舌贝、电灯怪、墨海马、大钳蟹、暴鲤龙、海刺龙、巨钳蟹、可达鸭、呆呆兽、咕咕、榛果球、刺尾虫、圆丝蛛、芭瓢虫、波波、比比鸟、大比鸟,35.546656,139.4385568,"Machida, Tokyo, Japan",是,,,
１号道路,伊豆半岛,拉达、绿毛虫、波波,,,,否,,,
常青市,三岛市,鲤鱼王、角金鱼、蚊香蝌蚪、玛瑙水母、蚊香君、可达鸭、呆呆兽、暴鲤龙、咕咕、榛果球、刺尾虫、圆丝蛛、芭瓢虫、波波、比比鸟、大比鸟,35.1184912,138.9184977,"Mishima, Shizuoka, Japan",是,,,
常青森林,秩父山地,独角虫、铁壳蛹、绿毛虫、铁甲蛹、皮卡丘、波波、比比鸟、巴大蝶、大针蜂、咕咕、猫头夜鹰、橡实果、圆丝蛛、阿利多斯、芭瓢虫、安瓢虫、蘑蘑菇、圆法师、呆火驼、跳跳猪、含羞苞、尖牙笼、走路草、喇叭芽、妙蛙种子,,,,否,,,
２号道路,秩父市,绿毛虫、波波、拉达,35.9916443,139.0855869,"Chichibu, Saitama, Japan",是,,,
深灰市,绿市,烈焰马、天然鸟、咕咕、榛果球、刺尾虫、姆克儿、拉帝欧斯、拉帝亚斯、波波、比比鸟、大比鸟,36.3948318,139.2811456,"Midori, Gunma, Japan",是,,,
深灰科学博物馆,岩宿博物馆,化石盔,36.398885,139.2853172,"1790-1 Kasakakechō Azami, Midori, Gunma 379-2311, Japan",否,,,
３号道路,桐生市,尼多兰、卡蒂狗、皮皮,36.4053581,139.3304143,"Kiryu, Gunma, Japan",是,,,
月见山,赤城山,喵喵、超音蝠、小拳石、派拉斯、穿山鼠、皮皮、穿山王、幕下力士、阿勃梭鲁、铃铛响、铜镜怪、大岩蛇、吉利蛋、皮可西,36.5389572,139.1664295,"Akagiyama, Fujimimachi Akagisan, Maebashi, Gunma 371-0101, Japan",是,,,
月见山广场,大沼,蚊香蝌蚪、鲤鱼王,41.9987492,140.6903742,"Lake Onuma, Nanae, Kameda District, Hokkaido, Japan",是,,,
４号道路,佐野市,小拉达、卡蒂狗、绿毛虫、波波、鲤鱼王,36.3143908,139.5783915,"Sano, Tochigi, Japan",是,,,
华蓝市,宇都宫市,鲤鱼王、蚊香蝌蚪、角金鱼、可达鸭、大钳蟹、迷唇姐、鬼斯通、金鱼王、妙蛙种子、太阳珊瑚、海星星、巨钳蟹、玛瑙水母、墨海马、暴鲤龙、呆呆兽、咕咕、榛果球、三蜜蜂、波波、比比鸟、大比鸟、小拉达,36.5550745,139.8826209,"Utsunomiya, Tochigi, Japan",是,,,
华蓝洞窟,足尾铜山,大嘴蝠、三合一磁怪、隆隆石、阿柏怪、穿山王、摩鲁蛾、嘟嘟利、臭臭花、口呆花、派拉斯特、勇基拉、雷丘、百变怪、鲤鱼王、蚊香蝌蚪、角金鱼、呆壳兽、大钳蟹、海刺龙、金鱼王、顽皮雷弹、嘎啦嘎啦、拉达、独角犀牛、胖可丁、吉利蛋、钻角犀兽、大舌头、超梦、豪力、果然翁、小拳石、可达鸭、呆呆兽、哥达鸭、蚊香君、暴鲤龙、猫老大、幕下力士、阿勃梭鲁、铃铛响、铜镜怪、超音蝠、卡比兽、蚊香泳士,36.6332713,139.440568,"9-2 Ashiomachitsūdō, Nikko, Tochigi 321-1514, Japan",否,,,
24号道路,日光国立公园,,36.8936293,139.6344196,"Nikko National Park, Yumoto, Nikko, Tochigi 321-1662, Japan",是,,,
25号道路,盐原温泉乡,,,,,否,,,
海角小屋,北茨城市,,36.801915,140.7510448,"Kitaibaraki, Ibaraki, Japan",是,,,
9号道路,水户线,,0,0,Mito,Line,是,,
岩山隧道,筑波山,超音蝠、小拳石、腕力、大岩蛇、卡拉卡拉、豪力、嘎啦嘎啦、鬼斯通、袋兽、大嘴蝠、猴怪、隆隆石、幕下力士、阿勃梭鲁、铃铛响、铜镜怪、独角犀牛、小火龙,36.2253757,140.1074925,"Mount Tsukuba, Tsukuba, Ibaraki 300-4352, Japan",是,,,
6号道路,京叶线,,0,0,Keiyō,Line,是,,
枯叶市,横滨市,鲤鱼王、角金鱼、蚊香蝌蚪、大钳蟹、玛瑙水母、杰尼龟、毒刺水母、灯笼鱼、大舌贝、电灯怪、地鼠、长翅鸥、波波、比比鸟、大比鸟、猫老大、风速狗、小拳石,35.4436739,139.6379639,"Yokohama, Kanagawa, Japan",是,,,
千叶市,千葉市,,35.6074041,140.1065366,"Chiba, Japan",是,,,
地鼠洞穴（11号道路侧）,加曾利贝冢,,35.62354,140.1639658,"Japan, 〒264-0028 Chiba, Wakaba Ward, Sakuragi, 8-chōme−３３−１",是,,,
11号道路,绿区,,33.3081201,44.3939325,"Green Zone, Baghdad, Baghdad Governorate, Iraq",是,,,
13号道路,胜浦市,,35.1522272,140.3208833,"Katsuura, Chiba, Japan",是,,,
14号道路,鸭川市,,35.1133206,140.0990322,"Kamogawa, Chiba, Japan",是,,,
15号道路,南房总市,,35.042651,139.839879,"Minamiboso, Chiba, Japan",是,,,
无人发电厂,东海发电所,霹雳电球、皮卡丘、小磁怪、臭泥、三合一磁怪、电击兽、雷丘、臭臭泥、闪电鸟、顽皮雷弹、瓦斯弹、双弹瓦斯、吉利蛋,,,,否,,,
紫苑镇,成田市,波波、比比鸟、大比鸟、地鼠,35.7766588,140.3187418,"Narita, Chiba, Japan",是,,,
8号道路,东成田线,,0,0,Keisei-Higashinarita,Line,是,,
12号道路,铫子市,,35.7340035,140.8267464,"Choshi, Chiba, Japan",是,,,
地下通道（7-8号道路）,东京地铁东西线,,0,0,Tokyo,Metro,Tōzai,Line,是
7号道路,代代木公园,,35.6700649,139.6949656,"Yoyogi Park, 2-1 Yoyogikamizonochō, Shibuya, Tokyo 151-0052, Japan",否,,,
玉虹市,新宿区,伊布、鲤鱼王、蚊香蝌蚪、角金鱼、蚊香君、呆呆兽、臭泥、臭臭泥、可达鸭、瓦斯弹、烈雀、赫拉克罗斯、三蜜蜂、穿山鼠、六尾,35.6938253,139.7033559,"Shinjuku City, Tokyo, Japan",是,,,
玉虹道馆,新宿御苑,,35.6851763,139.7100517,"Shinjuku Gyoen National Garden, 11 Naitōmachi, Shinjuku City, Tokyo 160-0014, Japan",是,,,
5号道路,埼玉市,,35.8616486,139.6454782,"Saitama, Japan",是,,,
金黄市,丸之内,多边兽、雷丘、鬼斯通,35.6804062,139.7664859,"Marunouchi, Chiyoda City, Tokyo 100-0005, Japan",是,,,
磁浮列车车站,东京车站,,35.6812996,139.7670658,"Tokyo Station, 1-chōme-9 Marunouchi, Chiyoda City, Tokyo 100-0005, Japan",是,,,
浅红市,馆山市,怪力、鲤鱼王、蚊香蝌蚪、角金鱼、大钳蟹、金鱼王、暴鲤龙、可达鸭、呆呆兽、蔓藤怪、咕咕、刺尾虫、圆丝蛛、芭瓢虫、波波、比比鸟、大比鸟、嘎啦嘎啦、杰尼龟、伊布,34.9965461,139.870044,"Tateyama, Chiba, Japan",是,,,
狩猎地带,母亲牧场,火稚鸡、穿山王、大钳蟹、幸运蛋、滑头小子,35.2480327,139.9406652,"940-3 Tagura, Futtsu, Chiba 299-1601, Japan",是,,,
16号道路,镰仓市,,35.3192128,139.5466731,"Kamakura, Kanagawa, Japan",是,,,
17号道路,东京湾跨海公路,,35.531074,139.8893534,"Tokyo Bay, Japan",否,,,
双子岛,江之岛,小海狮、墨海马、大钳蟹、大舌贝、海星星、呆呆兽、超音蝠、可达鸭、大嘴蝠、哥达鸭、呆壳兽、白海狮、巨钳蟹、海刺龙、迷唇姐、玛瑙水母、鲤鱼王、蚊香蝌蚪、角金鱼、急冻鸟、暴鲤龙、幕下力士、阿勃梭鲁、铃铛响、铜镜怪、杰尼龟、毒刺水母、刺甲贝,35.2990992,139.4809269,"Enoshima, Fujisawa, Kanagawa 251-0036, Japan",是,,,
19号水路,~20号水路,,,,,否,,,
红莲镇,伊豆大岛,蚊香蝌蚪、海星星、毒刺水母、玛瑙水母、鲤鱼王、灯笼鱼、大舌贝、电灯怪、波波、比比鸟、大比鸟、喵喵、臭泥,34.7408836,139.3856256,"Ōshima Island, Oshima, Tokyo, Japan",是,,,
21号水路,相模滩,,,,,否,,,
22号道路,富士箱根伊豆国立公园,,35.4253794,138.6790007,"Fuji-Hakone-Izu National Park, Motohakone, Hakone, Ashigarashimo District, Kanagawa 250-0522, Japan",否,,,
石英高原,上信越高原国立公园,,36.6603374,138.5187229,"Joshin’etsukogen National Park, 軽井沢町 Nagano, Japan",否,,,
27号道路,骏河湾,,34.8672418,138.4787258,"Suruga Bay, Japan",是,,,
都城瀑布,白丝瀑布和音止瀑布,拉达、超音蝠、大嘴蝠、呆呆兽、小拉达、角金鱼、金鱼王、鲤鱼王、幕下力士、阿勃梭鲁、铃铛响、铜镜怪,35.3128675,138.587441,"273-1 Kamiide, Fujinomiya, Shizuoka 418-0103, Japan",否,,,
26号道路,富士市,,35.161484,138.67622,"Fuji, Shizuoka, Japan",是,,,
28号道路,富士宫市,,35.2221277,138.6216491,"Fujinomiya, Shizuoka, Japan",是,,,
鹿子镇,科尼岛,藤藤蛇、暖暖猪、水水獭,40.5755438,-73.9707016,"Coney Island, Brooklyn, NY, USA",是,,,
17号水路,葛瑞福山德湾,,,,,否,,,
18号道路,总督岛,,40.6894501,-74.016792,"Governors Island, New York, NY 11231, USA",是,,,
唐草镇,海洋公园,,22.2346359,114.1721746,"Ocean Park, Hong Kong",是,,,
三曜市,卡纳西,野蛮鲈鱼、角金鱼、金鱼王、龙虾小兵、铁螯龙虾,40.640248,-73.9060662,"Canarsie, Brooklyn, NY, USA",是,,,
梦的遗址,弗洛伊德贝涅特机场,探探鼠、扒手猫、食梦梦、步哨鼠、酷豹、拉达、安瓢虫、阿利多斯、音箱蟀、摩鲁蛾、梦梦蚀、差不多娃娃、花椰猴、爆香猴、冷水猴、胖丁、大嘴蝠、土龙弟弟、胖可丁、叉字蝠、拉帝亚斯、拉帝欧斯,40.5910174,-73.8906091,"3159 Flatbush Ave, Brooklyn, NY 11234, USA",否,,,
泉源洞穴,麦卡伦公园,,26.2034071,-98.2300124,"McAllen, TX, USA",否,,,
七宝市,灯波区,木棉球、百合根娃娃、小福蛋、由克希、喵喵,,,,否,,,
天箭桥,布鲁克林大桥,虫宝包、豆豆鸽、拉普拉斯、几何雪花、姆克鹰、酋雷姆,40.7060855,-73.9968643,"Brooklyn Bridge, New York, NY 10038, USA",是,,,
飞云市,曼哈顿下城,索罗亚、木棉球、百合根娃娃、小拉达、卷卷耳、向尾喵、豆豆鸽、伊布、差不多娃娃、风妖精、裙儿小姐、长耳兔、优雅猫、皮卡丘、大钢蛇、拉达、叶伊布、快龙,40.7208595,-74.0006686,"Lower Manhattan, New York, NY, USA",是,,,
雷文市,曼哈顿中城,喵喵、流氓鳄、哥德宝宝,40.7549309,-73.9840195,"Midtown Manhattan, New York, NY, USA",是,,,
迷幻森林,哈雷特自然保护区,宝包茧、木棉球、百合根娃娃、咕咕鸽、百足蜈蚣、差不多娃娃、电飞鼠、花椰猴、爆香猴、冷水猴、高傲雉鸡、保姆虫、风妖精、裙儿小姐、野蛮鲈鱼、角金鱼、金鱼王、索罗亚克、毒蔷薇、三蜜蜂、赫拉克罗斯、凯罗斯、车轮球、罗丝雷朵、蜂女王、泳圈鼬、浮潜鼬、蚊香蝌蚪、蚊香君、蚊香蛙皇,,,,否,,,
帆巴吊桥,林肯隧道,鸭宝宝、搬运小匠、太阳伊布、狃拉,40.7623082,-74.00949,"Lincoln Tunnel, United States",是,,,
帆巴市,友联市,轻飘飘、胖嘟嘟、大钳蟹、灯笼鱼、爱心鱼、巨钳蟹、电灯怪、索罗亚,40.7744557,-74.0312075,"Union City, NJ, USA",是,,,
吹寄市,泰特伯勒,火伊布,40.861764,-74.058697,"Teterboro, NJ, USA",是,,,
雪花市,里奇菲尔德,蓝蟾蜍、小嘴蜗、泥巴鱼、蟾蜍王、泥泥鳅、鲶鱼王、不良蛙、盖盖虫,45.8156638,-122.6908502,"Ridgefield, WA 98642, USA",是,,,
雪花湿地,蒂内克溪保护区,蓝蟾蜍、小嘴蜗、泥巴鱼、蟾蜍王、泥泥鳅、鲶鱼王、不良蛙、盖盖虫,40.8845222,-74.0079821,"Teaneck, NJ, USA",否,,,
双龙市,哈莱姆,咩利羊,40.8115504,-73.9464769,"Harlem, New York, NY, USA",是,,,
村庄桥,罗伯特・肯尼迪大桥,哥达鸭、猫鼬斩、饭匙蛇、大尾狸、毛头小鹰、秃鹰丫头、勇士雄鹰、秃鹰娜、差不多娃娃、电飞鼠、野蛮鲈鱼、拉普拉斯、利牙鱼、巨牙鲨、玛力露、玛力露丽、土龙弟弟、灯火幽灵,40.7791436,-73.9265554,"Robert F. Kennedy Bridge, Robert F. Kennedy Bridge, New York, NY 10035, USA",是,,,
笼目镇,法拉盛,妙蛙种子、勒克猫、盾甲茧,40.7647238,-73.8306716,"Flushing, Queens, NY, USA",是,,,
巨人洞窟,凯辛娜公园,大嘴蝠、蔓藤怪、大王燕、月石、太阳岩、阿勃梭鲁、随风球、叉字蝠、巨蔓藤、差不多娃娃、电飞鼠、长毛猪、狃拉、信使鸟、迷唇姐、地幔岩、龙头地鼠、野蛮鲈鱼、小海狮、白海狮、蚊香蝌蚪、蚊香君、蚊香泳士、皮皮、百变怪、金属怪、象牙猪、皮可西、巨金怪、酋雷姆、大嘴鸥、多多冰、双倍多多冰,40.7461191,-73.8076036,"Kissena Park, Kissena Blvd and, Booth Memorial Ave, Fresh Meadows, NY 11365, USA",否,,,
涟漪镇,牙买加区,长翅鸥、小球飞鱼、大嘴鸥、吼吼鲸、太阳珊瑚、巨翅飞鱼、铁炮鱼、大舌贝、爱心鱼、章鱼桶、刺甲贝、小卡比兽、轻飘飘、海星星、野蛮鲈鱼、胖嘟嘟、宝石海星,40.7037439,-73.7991953,"Jamaica, Queens, NY, USA",是,,,
涟漪湾,牙买加湾,长翅鸥、小球飞鱼、海豹球、大嘴鸥、吼吼鲸、海魔狮、巨翅飞鱼、吼鲸王、帝牙海狮、铁炮鱼、大舌贝、爱心鱼、章鱼桶、刺甲贝、胖嘟嘟,40.6056632,-73.8713099,"Jamaica Bay, New York, USA",是,,,
丰饶之祠,高地公园,,42.1816918,-87.8003437,"Highland Park, IL 60035, USA",是,,,
传送工厂,康乃尔科技校区,,40.7556304,-73.9562301,"2 W Loop Rd, New York, NY 10044, USA",否,,,
奇幻桥,皇后区中城隧道,舞天鹅、鲤鱼王、克雷色利亚、修建老匠,40.7448708,-73.9639805,"Queens–Midtown Tunl, New York, NY, USA",是,,,
连入,中央公园,,40.7825547,-73.9655834,"Central Park, New York, NY, USA",否,,,
自由庭园岛,自由岛,比克提尼,,,,否,,,
好奥乐市,檀香山,玛瑙水母、长翅鸥、荧光鱼、小拉达、喵喵、凯西、小磁怪、臭泥、皮丘、猫鼬少、齿轮儿、小球飞鱼、魔尼尼、多丽米亚、穿着熊、引梦貘人、粉蝶虫、皮卡丘、岩狗狗,21.3098845,-157.8581401,"Honolulu, HI, USA",是,,,
好奥乐市海滩区,威基基,,,,,否,,,
好奥乐市商业区,阿拉莫阿那,,21.2911038,-157.8434622,"1450 Ala Moana Blvd, Honolulu, HI 96814, USA",否,,,
好奥乐市港口区,珍珠港,,21.3548614,-157.97681545,"Pearl Harbor, Hawaii, USA",是,,,
大浪海滩,日落海滩及也互凯海滩,,,,,否,,,
战争遗迹,普吾欧玛胡卡神庙,,,,,否,,,
慷待市,卡互陆伊,,20.8893016,-156.4728725,"Kahului, HI, USA",是,,,
维拉火山公园,哈雷阿卡拉国家公园,卡拉卡拉、袋兽、鸭嘴宝宝、小箭雀、夜盗火蜥、虚吾伊德,,,,否,,,
马利埃静市,希洛,小福蛋、拉达、小磁怪、臭泥、破破袋、猫鼬探长、泡沫栗鼠,19.7216023,-155.084887,"Hilo, HI 96720, USA",是,,,
辉克拉尼山,茂纳凯亚火山,大嘴雀、百变怪、皮宝宝、盔甲鸟、铁哑铃、小陨星、牙牙、小灰怪、电击怪,19.8206105,-155.4680936,"Mauna Kea, Hawaii 96720, USA",是,,,
火特力山,基拉韦厄火山,小拳石、电击怪、煤炭龟、虫电宝、泥驴仔、爆焰龟兽、托戈德玛尔、独角犀牛、隆隆石、咚咚鼠,19.4068929,-155.2833786,"Kīlauea, Hawaii 96778, USA",是,,,
波尼大峡谷,威美亚峡谷,大嘴蝠、三地鼠、地幔岩、小碎钻、鲤鱼王、迷你龙、泥泥鳅、豪力、黑暗鸦、盔甲鸟、鬃岩狼人、心鳞宝、龙虾小兵、野蛮鲈鱼、功夫鼬,,,,否,,,
日轮祭坛/月轮祭坛,威亚雷雷山,,,,,否,,,
椰蛋树岛,你好岛,,21.8921433,-160.1574878,"Ni‘ihau, Hawaii 96769, USA",是,,,
以太乐园,帕帕哈瑙莫夸基亚国家海洋保护区,可可多拉、雷吉斯奇鲁、胖丁,25.6788883,-169.7399875,"Papahanaumokuakea Marine National Monument, United States",是,,,
随意镇,足寄町,,43.2449157,143.5540194,"Ashoro, Ashoro District, Hokkaido, Japan",是,,,
随意遗迹,阿寒富士,,43.3741314,144.0065124,"Mt. Akan-Fuji, Shoro, Shiranuka, Shiranuka District, Hokkaido 088-0567, Japan",是,,,
帷幕市,网走市,多边兽、姆克鸟,44.0206059,144.2734837,"Abashiri, Hokkaido, Japan",是,,,
215号道路,北海道道,,43.2203266,142.8634737,"Hokkaido, Japan",是,,,
210号道路,网走国定公园,,44.0724378,144.2232485,"Abashiri Quasi-National Park (Okhotsk coast centered on Abashiri and seven lagoon lakes), Misaki, Abashiri, Hokkaido 093-0087, Japan",否,,,
神和镇,远轻町,可达鸭、哥达鸭、鲤鱼王、泥泥鳅、角金鱼、暴鲤龙、龙虾小兵、鲶鱼王、金鱼王、铁螯龙虾,44.062027,143.5279742,"Engaru, Mombetsu District, Hokkaido, Japan",是,,,
送行之泉,摩周湖,,43.5872284,144.5237617,"Lake Mashū, Teshikaga, Kawakami District, Hokkaido, Japan",是,,,
归途洞窟,神婆岛,大嘴蝠、鬼斯通、铜镜怪、青铜钟、鬼斯、夜巡灵、彷徨夜灵、铃铛响、月石、太阳岩、风铃铃、骑拉帝纳,,,,否,,,
黄泉比良坂,黄泉比良坂,,,,,否,,,
立志湖畔,标茶町,,43.3033203,144.6008458,"Shibecha, Kawakami District, Hokkaido, Japan",是,,,
立志湖,屈斜路湖,可达鸭、哥达鸭、姆克鸟、大尾狸、铃铛响、猫头夜鹰、鲤鱼王、角金鱼、暴鲤龙、金鱼王、果然翁、大舌头、太阳岩、月石、亚克诺姆,43.603842,144.3254063,"Lake Kussharo, Teshikaga, Kawakami District, Hokkaido, Japan",是,,,
213号道路,厚岸町,,43.0519506,144.8473693,"Akkeshi, Akkeshi District, Hokkaido, Japan",是,,,
野原市,钏路市,,42.9849413,144.381804,"Kushiro, Hokkaido, Japan",是,,,
大湿地,钏路湿地,可达鸭、咕咕、猫头夜鹰、玛力露、乌波、沼王、露力丽、大牙狸、大尾狸、姆克儿、含羞苞、鲤鱼王、暴鲤龙、泥泥鳅、利牙鱼、鲶鱼王、阿柏怪、哥达鸭、蔓藤怪、蜻蜻蜓、毒蔷薇、热带龙、姆克鸟、钳尾蝎、不良蛙、尖牙笼、派拉斯、蛋蛋、袋兽、蘑蘑菇、溶食兽、变隐龙、龙王蝎、毒骷蛙,,,,否,,,
218号道路,函馆本线,,0,0,Hakodate,Line,是,,
水脉市,小樽市,玛瑙水母、毒刺水母、长翅鸥、大嘴鸥、无壳海兔、海兔兽、鲤鱼王、荧光鱼、海星星、暴鲤龙、霓虹鱼、魔尼尼,43.1902372,140.994172,"Otaru, Hokkaido, Japan",是,,,
216号道路,飞镞山,,44.4336296,142.5840647,"Mount Piyashiri, Sanru, Shimokawa, Kamikawa District, Hokkaido 098-1211, Japan",是,,,
217号道路,宗谷本线,,0,0,Soya,Line,是,,
雪峰市,稚内市,鬼斯通,45.4156307,141.6733641,"Wakkanai, Hokkaido, Japan",是,,,
雪峰神殿,北门神社,,45.420093,141.6712968,"1-chōme-1-21 Chūō, Wakkanai, Hokkaido 097-0022, Japan",否,,,
睿智湖,屈茶路湖,可达鸭、哥达鸭、猫头夜鹰、狃拉、雪童子、大尾狸、铃铛响、雪笠怪、鲤鱼王、角金鱼、暴鲤龙、金鱼王、果然翁、迷唇娃、圈圈熊、熊宝宝、太阳岩、月石、由克希,45.1294646,142.3307149,"Lake Kutcharo, Hamatombetsu, Esashi District, Hokkaido, Japan",是,,,
222号道路,滨中町,,43.0777906,145.1291538,"Hamanaka, Akkeshi District, Hokkaido, Japan",是,,,
滨海市,根室市,毒刺水母、玛瑙水母、大嘴鸥、长翅鸥、小球飞鱼、鲤鱼王、铁炮鱼、暴鲤龙、章鱼桶、海星星,43.3301005,145.5828182,"Nemuro, Hokkaido, Japan",是,,,
导航灯塔,纳沙布岬灯塔,,43.3851766,145.8164565,"Nosappu, Nemuro, Hokkaido 087-0165, Japan",否,,,
钢铁岛,烧尻岛,玛瑙水母、毒刺水母、长翅鸥、大嘴鸥、鲤鱼王、荧光鱼、暴鲤龙、千针鱼、霓虹鱼、超音蝠、大嘴蝠、小拳石、隆隆石、大岩蛇、勾魂眼、大嘴娃、大钢蛇、利欧路,44.4364025,141.4118562,"Yagishiri Island, Yagishiri, Haboro, Tomamae District, Hokkaido 078-3871, Japan",是,,,
新月岛,利尻岛,达克莱伊,45.2004238,141.222042,"Rishiri Island, Rishiri District, Hokkaido, Japan",是,,,
满月岛,礼文岛,,45.3922768,141.0150363,"Rebun Island, Rebun, Rebun District, Hokkaido, Japan",是,,,
双叶镇,登别市,可达鸭、哥达鸭、鲤鱼王、角金鱼、暴鲤龙、金鱼王,42.4127914,141.1066064,"Noboribetsu, Hokkaido, Japan",是,,,
201号道路,室兰本线,,0,0,Muroran,Line,是,,
心齐湖,洞爷湖,姆克儿、大牙狸、可达鸭、哥达鸭、鲤鱼王、角金鱼、暴鲤龙、金鱼王、草苗龟、小火焰猴、波加曼、溜溜糖球、果然翁、月石、太阳岩、姆克鸟、大尾狸,42.625499,140.8433144,"Lake Tōya, Hokkaido, Japan",是,,,
真砂镇,苫小牧市,,42.6312464,141.6031222,"Tomakomai, Hokkaido, Japan",是,,,
219号道路,苫小牧西港渡轮码头,,42.6383812,141.6350097,"Tomakomai West Port Ferry Terminal, 1-chōme-2-34 Irifunechō, Tomakomai, Hokkaido 053-0003, Japan",否,,,
220号水路,苫小牧冲,,42.6312464,141.6031222,"Tomakomai, Hokkaido, Japan",否,,,
221号道路,日高町,,42.4790013,142.0743528,"Hidaka, Saru District, Hokkaido, Japan",是,,,
朋友公园,新日高町,,42.338186,142.3657149,"Shinhidaka, Hidaka District, Hokkaido, Japan",是,,,
202号道路,千岁市,,42.8212867,141.6510125,"Chitose, Hokkaido, Japan",是,,,
祝庆市,札幌市,,43.0617713,141.3544506,"Sapporo, Hokkaido, Japan",是,,,
黑金市,夕张市,凯西,43.0567681,141.9739433,"Yubari, Hokkaido, Japan",是,,,
黑金炭坑,夕张煤矿,,43.0567681,141.9739433,"Yubari, Hokkaido, Japan",否,,,
207号道路,夕张岳,,,,,否,,,
204号道路,札沼线,,0,0,Gakuentoshi,Line,是,,
花苑镇,北龙町,,43.7315055,141.8792542,"Hokuryu, Uryu District, Hokkaido, Japan",是,,,
山谷发电厂,苫前町,大牙狸、小猫怪、帕奇利兹、泳圈鼬、无壳海兔、鲤鱼王、荧光鱼、大舌贝、暴鲤龙、霓虹鱼、玛瑙水母、毒刺水母、长翅鸥、大嘴鸥、海兔兽、电击怪、咩利羊、落雷兽、飘飘球,44.3061419,141.6532114,"Tomamae, Tomamae District, Hokkaido, Japan",是,,,
205号道路,北海道道,,43.2203266,142.8634737,"Hokkaido, Japan",是,,,
百代森林,神居村,,,,,否,,,
森之洋馆,神居古潭,鬼斯、鬼斯通、耿鬼、洛托姆,43.7215472,142.1988334,"Kamuikotan Kamuicho, Asahikawa, Hokkaido 078-0185, Japan",是,,,
百代市,旭川市,聒噪鸟、波克比、可达鸭、哥达鸭、鲤鱼王、泥泥鳅、暴鲤龙、鲶鱼王,43.7708833,142.3650083,"Asahikawa, Hokkaido, Japan",是,,,
206号道路,富良野线,,0,0,Furano,Line,是,,
211号道路,石北本线,,0,0,Sekihoku,Line,是,,
天冠山,虾夷山系,铜镜怪、玛沙那、腕力、铃铛响、小拳石、超音蝠、朝北鼻、皮宝宝、皮皮、大嘴蝠、鲤鱼王、泥泥鳅、暴鲤龙、鲶鱼王、隆隆石、豪力、丑丑鱼、恰雷姆、青铜钟、月石、太阳岩、雪笠怪、暴雪王、阿勃梭鲁、猫头夜鹰、吼爆弹、迷你龙、哈克龙、风铃铃,,,,否,,,
毁坏的世界,逆富士,骑拉帝纳,,,,否,,,
家缘市,带广市,伊布、小福蛋、小火焰猴、电击怪,42.9233354,143.197199,"Obihiro, Hokkaido, Japan",是,,,
208号道路,清水町,,35.0989605,138.9027677,"Shimizu, Sunto District, Shizuoka, Japan",是,,,
宝可梦屋,真锅庭园,小火马、瓦斯弹、小拉达、拉达、卡蒂狗、六尾、臭泥、双弹瓦斯、臭臭泥、鸭嘴火兽、百变怪、吉利蛋,42.8836593,143.2040663,"Manabe Garden, Higashi 2 Sen-６ Inadachō, Obihiro, Hokkaido 080-0832, Japan",否,,,
212号道路,十胜川和六花之森,,42.6928077,143.115478,"Rokka Forest, Nishi 3 Sen-249-6 Tokiwa, Nakasatsunai, Kasai District, Hokkaido 089-1300, Japan",否,,,
209号道路,幕别町,,42.9085701,143.3560712,"Makubetsu, Nakagawa District, Hokkaido, Japan",是,,,
灵魂之塔,常纹隧道殉职碑,,,,,否,,,
第1岛,新岛、神津岛、式根岛、利岛,玛瑙水母、毒刺水母、鲤鱼王、墨海马、大钳蟹、大舌贝、海星星、暴鲤龙、海刺龙、巨钳蟹、可达鸭、呆呆兽,34.3746494,139.268936,"Nii-jima, Niijima, Tokyo, Japan",否,,,
热气之路,汤滨露天温泉,,,,,否,,,
间间下温泉,湯の浜露天温泉,,34.3641709,139.2427265,"Yunohama-roten Hot Spring, Kurone, Niijima, Tokyo 100-0400, Japan",否,,,
まました温泉,,,,,,否,,,
宝物海滩,前滨海滩,烈雀、蔓藤怪、大嘴雀、喵喵、猫老大、可达鸭、呆呆兽、玛瑙水母、毒刺水母、鲤鱼王、墨海马、大钳蟹、暴鲤龙、海刺龙、巨钳蟹,24.7349726,125.2629745,"Yonaha Beach, Yonaha-1199番 Shimoji, Miyakojima, Okinawa 906-0305, Japan",是,,,
灯火山,宫冢山,小火马、大嘴雀、烈雀、腕力、小拳石、烈焰马、鸭嘴火兽、隆隆石、豪力、火焰鸟、熔岩虫、熔岩蜗牛,,,,否,,,
第2岛,三宅岛、御藏岛,,34.0788424,139.5178185,"Miyake Island, Miyake, Tokyo, Japan",否,,,
第3岛,八丈岛和八丈小岛,,33.1030212,139.8035566,"Hachijō-jima, Hachijo Town, Tokyo, Japan",否,,,
树果森林,八丈小岛,,33.126815,139.6885849,"Hachijō-kojima, Hachijo Town, Tokyo 100-1400, Japan",是,,,
第3岛码头,底土港,,33.1226557,139.8181432,"4184-1 Mitsune, Hachijo Town, Tokyo 100-1511, Japan",否,,,
第4岛,青岛,乌波、玛力露、可达鸭、呆呆兽、鲤鱼王、蚊香蝌蚪、角金鱼、蚊香君、暴鲤龙,36.0662299,120.38299,"Qingdao, Shandong, China",是,,,
冻瀑洞窟,丸山,小海狮、大嘴蝠、白海狮、超音蝠、可达鸭、呆呆兽、乌波、玛力露、鲤鱼王、蚊香蝌蚪、角金鱼、蚊香君、暴鲤龙、小山猪、信使鸟、狃拉、玛瑙水母、毒刺水母、拉普拉斯、墨海马、大钳蟹、大舌贝、海星星、海刺龙、巨钳蟹,,,,否,,,
第5岛,聟岛列岛,玛瑙水母、毽子草、毒刺水母、鲤鱼王、墨海马、大钳蟹、大舌贝、海星星、暴鲤龙、海刺龙、巨钳蟹、可达鸭、呆呆兽,27.6753167,142.145138,"Muko Island, Mukojimahonto Mukojima, Ogasawara, Tokyo 100-2100, Japan",是,,,
水之迷宫,西之岛,波克比、玛瑙水母、毽子草、毒刺水母、鲤鱼王、墨海马、大钳蟹、千针鱼、铁炮鱼、暴鲤龙、海刺龙、巨钳蟹、可达鸭、呆呆兽,27.2471188,140.8778523,"Nishinoshima Island, Nishinoshima, Ogasawara, Tokyo 100-2100, Japan",是,,,
豪华度假区,中之岛,,34.6917217,135.4910214,"Nakanoshima, Kita Ward, Osaka, 530-0005, Japan",是,,,
不归之穴,笹鱼岛,超音蝠、大嘴蝠、鬼斯、鬼斯通、黑暗鸦、梦妖,,,,否,,,
回忆之塔,媒岛,毽子草、玛瑙水母、毒刺水母、鲤鱼王、墨海马、大钳蟹、千针鱼、铁炮鱼、暴鲤龙、海刺龙、巨钳蟹、可达鸭、呆呆兽,27.6288532,142.1792857,"Nakodojima Island, Nakodojima Mukojima, Ogasawara, Tokyo 100-2100, Japan",是,,,
第６岛,父岛列岛,,,,,否,,,
遗迹山谷,父岛,天然雀、烈雀、大嘴雀、喵喵、蜻蜻蜓、乌波、玛力露、猫老大、可达鸭、呆呆兽、果然翁、鲤鱼王、蚊香蝌蚪、角金鱼、蚊香君、暴鲤龙,27.074353,142.2177824,"Chichi-jima, Chichijima, Ogasawara, Tokyo 100-2101, Japan",是,,,
绿之步道,兄岛,玛瑙水母、毒刺水母、鲤鱼王、墨海马、大钳蟹、千针鱼、铁炮鱼、暴鲤龙、海刺龙、巨钳蟹、可达鸭、呆呆兽,27.1244466,142.2098158,"Anijima Island, Anijima Chichijima, Ogasawara, Tokyo 100-2101, Japan",是,,,
外岛,弟岛,玛瑙水母、毒刺水母、鲤鱼王、墨海马、大钳蟹、千针鱼、铁炮鱼、暴鲤龙、海刺龙、巨钳蟹、可达鸭、呆呆兽,27.1678359,142.1885761,"Ototojima Island, Ototojima Chichijima, Ogasawara, Tokyo 100-2101, Japan",是,,,
第７岛,母岛,,26.6734996,142.1540754,"Hahajima Retto, Hahajima, Ogasawara, Tokyo 100-2211, Japan",是,,,
阿斯卡纳遗迹,母岛列岛,玛瑙水母、毒刺水母、巨翅飞鱼、鲤鱼王、墨海马、大钳蟹、千针鱼、铁炮鱼、暴鲤龙、海刺龙、巨钳蟹、可达鸭、呆呆兽,26.6825745,142.1446287,"Hahajima Island, Koshinzuka Hahajima, Ogasawara, Tokyo 100-2211, Japan",是,,,
脐之岩,鸟岛,,-36.8331463,174.4249692,"25/27-37 Waitea Road, Muriwai 0881, New Zealand",否,,,
诞生之岛,南鸟岛,代欧奇希斯,24.2867829,153.9807774,"Minami-Tori-shima, Minamitorishima, Ogasawara, Tokyo 100-2100, Japan",是,,,
白银山,富士山,小火马、烈焰马、蔓藤怪、圈圈熊、顿甲、阿柏怪、嘟嘟、嘟嘟利、大嘴蝠、蚊香君、狃拉、蚊香蝌蚪、鲤鱼王、隆隆石、大岩蛇、幼基拉斯、鸭嘴火兽、哥达鸭、派拉斯特、豪力、沼王、梦妖、角金鱼、金鱼王、沙基拉斯、赫拉克罗斯、长尾怪手、天然雀、直冲熊、咕妞妞、大牙狸、泳圈鼬、熊宝宝、小小象、暴鲤龙、幕下力士、阿勃梭鲁、铃铛响、铜镜怪、大钢蛇、火焰鸟,35.3606255,138.7273634,"Mount Fuji, Kitayama, Fujinomiya, Shizuoka 418-0112, Japan",是,,,
若叶镇,静岡市,菊草叶、火球鼠、小锯鳄、玛瑙水母、毒刺水母、鲤鱼王、灯笼鱼、大舌贝、电灯怪、蛋蛋、咕咕、芭瓢虫、圆丝蛛、榛果球,34.9755668,138.3826773,"Shizuoka, Japan",是,,,
29号道路,岡崎平野,,34.9548536,137.1730774,"Okazaki, Aichi, Japan",否,,,
吉花市,豊橋市,玛瑙水母、毒刺水母、鲤鱼王、大钳蟹、太阳珊瑚、海星星、巨钳蟹、蛋蛋、咕咕、芭瓢虫、圆丝蛛、榛果球、傲骨燕,34.7688528,137.3916837,"Toyohashi, Aichi, Japan",是,,,
31号道路,濃尾平野,,,,,否,,,
桔梗市,奈良市,大岩蛇、波克比、蚊香蝌蚪、蚊香君、鲤鱼王、咩利羊、乌波、熔岩虫、蛋蛋、咕咕、榛果球、鲶鱼王,34.685109,135.8048019,"Nara, Japan",是,,,
喇叭芽之塔,興福寺五重塔,小拉达、鬼斯、蛇纹熊、晃晃斑、玛沙那、聒噪鸟,34.6824704,135.8322415,"48 Noboriōjichō, Nara, 630-8213, Japan",是,,,
阿露福遗迹,明日香村,未知图腾、天然雀、图图犬、乌波、沼王、鲤鱼王、蚊香蝌蚪、蚊香君、小拳石、直冲熊、咕妞妞、大牙狸、泳圈鼬,34.4713594,135.8206452,"Asuka, Takaichi District, Nara, Japan",是,,,
32号道路,伊勢志摩,,,,,否,,,
互连洞,青の洞窟,穿山鼠、小拳石、超音蝠、小拉达、大岩蛇、乌波、沼王、鲤鱼王、角金鱼、金鱼王、拉达、大嘴蝠、玛瑙水母、毒刺水母、灯笼鱼、大舌贝、电灯怪、拉普拉斯、幕下力士、阿勃梭鲁、铃铛响、铜镜怪、大钳蟹、太阳珊瑚、海星星、巨钳蟹,26.4425977,127.7734662,"469-1 Maeda, Onna, Kunigami District, Okinawa 904-0417, Japan",否,,,
３３号道路,熊野市,,33.8885197,136.1002268,"Kumano, Mie, Japan",是,,,
桧皮镇,みなべ町,绿毛虫、巴大蝶、独角虫、大针蜂、蛋蛋、榛果球、烈雀、长尾怪手、阿柏蛇、铁甲蛹、铁壳蛹、赫拉克罗斯,33.7678758,135.3176872,"Minabe, Hidaka District, Wakayama, Japan",是,,,
呆呆兽之井,熊野本宮大社,超音蝠、呆呆兽、鲤鱼王、角金鱼、金鱼王、大嘴蝠、呆壳兽、幕下力士、阿勃梭鲁、铃铛响、铜镜怪,33.8405706,135.7734753,"1110 Hongūchō Hongū, Tanabe, Wakayama 647-1731, Japan",是,,,
栎树林,熊野古道,绿毛虫、独角虫、铁甲蛹、铁壳蛹、派拉斯、超音蝠、波波、走路草、毛球、可达鸭、咕咕、榛果球、蛋蛋、猫头夜鹰、巴大蝶、大针蜂、哥达鸭、鲤鱼王、蚊香蝌蚪、蚊香君、时拉比、呆火驼、跳跳猪、含羞苞、尖牙笼,,,,否,,,
34号道路,有田市,,34.0830306,135.1276824,"Arida, Wakayama, Japan",是,,,
满金市,大阪市,腕力、伊布、烈雀,34.6937249,135.5022535,"Osaka, Japan",是,,,
满金百货店,阪神百貨店,,,,,否,,,
满金地道,ホワイティうめだ,,34.7029675,135.4995272,"Japan, 〒530-0018 Osaka, Kita Ward, Komatsubarachō, 7 梅田地下街 4-2",是,,,
全球终端,関西国際空港,,34.4319994,135.2366019,"Kansai International Airport (KIX), 1番地 Senshūkūkōkita, Izumisano, Osaka 549-0001, Japan",是,,,
磁浮列车车站,新大阪駅,,34.7334658,135.5002547,"Shin-Ōsaka Station, 5-chōme-16 Nishinakajima, Yodogawa Ward, Osaka, 532-0011, Japan",是,,,
播音塔,通天閣,,34.6524992,135.5063058,"1-chōme-18-6 Ebisuhigashi, Naniwa Ward, Osaka, 556-0002, Japan",是,,,
35号道路,服部緑地,,34.7759539,135.4881946,"Hattori Ryokuchi Park, 1-chōme-1 Hattoriryokuchi, Toyonaka, Osaka 561-0873, Japan",是,,,
自然公园,万博記念公園,绿毛虫、独角虫、铁甲蛹、铁壳蛹、尼多兰、尼多朗、波波、芭瓢虫、向日种子、咕咕、圆丝蛛、可达鸭、毛球、大钳蟹、蛋蛋、榛果球、樱花宝、正电拍拍、负电拍拍、小猫怪,34.8060955,135.5290016,"Expo '70 Commemorative Park, Senribanpakukōen, Suita, Osaka 565-0826, Japan",是,,,
宝可全能竞技赛巨蛋,大阪ドーム,,34.6692804,135.4761427,"3-chōme-中２-中２−１ Chiyozaki, Nishi Ward, Osaka, 550-0023, Japan",否,,,
３６号道路,京田辺市,,34.8144429,135.7676507,"Kyotanabe, Kyoto, Japan",是,,,
３７号道路,伏見区,,34.9330054,135.7679964,"Fushimi Ward, Kyoto, Japan",是,,,
缘朱市,京都市,蚊香蝌蚪、蚊香君、鲤鱼王、蛋蛋、咕咕、榛果球、圆丝蛛、芭瓢虫、波克比、叉字蝠,35.011564,135.7681489,"Kyoto, Japan",是,,,
铃铛塔,金閣寺,小拉达、鬼斯、水君、凤王、蛇纹熊、晃晃斑、玛沙那、聒噪鸟,35.03937,135.7292431,"1 Kinkakujichō, Kita Ward, Kyoto, 603-8361, Japan",是,,,
东寺,金閣寺,,35.03937,135.7292431,"1 Kinkakujichō, Kita Ward, Kyoto, 603-8361, Japan",是,,,
東寺,東寺,,34.9803395,135.7476935,"1 Kujōchō, Minami Ward, Kyoto, 601-8473, Japan",否,,,
哆露宝岛,神岛,,33.7030193,135.3759287,"Kami Island, Shinjocho, Tanabe, Wakayama 646-0011, Japan",是,,,
唻映虹岛,知夫里岛,,36.0181295,133.0340624,"Chiburijima, Chibu, Oki District, Shimane 684-0100, Japan",是,,,
椰林村,知夫村,,36.0139223,133.0395309,"Chibu, Oki District, Shimane 684-0100, Japan",是,,,
柚木森林,仁夫,,,,,否,,,
塔尔加的家,薄毛,,,,,否,,,
锉刀洞窟,知夫赤壁,,36.0098657,133.0098599,"Japan, 〒684-0100 島根県隠岐郡知夫村仁夫",否,,,
拉普拉斯海滩,浅岛,,,,,否,,,
拉拖拉拖山道,岛根县道,,35.1244094,132.6293446,"Shimane, Japan",是,,,
拉拖拉拖山,赤秃山,,33.4973043,131.723279,"Musashimachi Itoharu, Kunisaki, Oita 873-0421, Japan",否,,,
无线基地,赤秃山瞭望台,,33.4973043,131.723279,"Musashimachi Itoharu, Kunisaki, Oita 873-0421, Japan",否,,,
咪轮陀岛,中之岛,,34.6917217,135.4910214,"Nakanoshima, Kita Ward, Osaka, 530-0005, Japan",是,,,
古老大宅,宫田神社,,,,,否,,,
朝阳遗迹,隐岐神社,,36.0957798,133.1012778,"1784 Ama, Oki-gun, Shimane 684-0403, Japan",否,,,
咪轮陀街道,唯山,,25.1186385,121.5314976,"No. 6號, Lane 14, Section 7, Zhongshan N Rd, Shilin District, Taipei City, Taiwan 111",否,,,
危险悬崖,知知井,,,,,否,,,
发地热岛,松岛,,38.3708273,141.065175,"Matsushima, Miyagi District, Miyagi 981-0213, Japan",是,,,
索慧原岛,岛后,,36.2496353,133.2829617,"Dōgojima, Okinoshima, Oki District, Shimane, Japan",是,,,
水流度假地,隐岐之岛町,,36.20915,133.3216953,"Okinoshima, Oki District, Shimane, Japan",是,,,
雪葩酪山,大满寺山,,36.257128,133.3304442,"Mt. Daimanji, Fuse, Okinoshima, Oki District, Shimane 685-0412, Japan",是,,,
索慧原街道,岛根县道,,35.1244094,132.6293446,"Shimane, Japan",是,,,
白银瀑布,坛镜瀑布,,36.240679,133.2360709,"Dangyono Falls, Nagu, Okinoshima, Oki District, Shimane 685-0103, Japan",是,,,
奥卜利比亚遗迹,坛镜神社,,36.240693,133.2356868,"1617 Nagu, Okinoshima, Oki-gun, Shimane 685-0103, Japan",否,,,
运河遗迹,隐岐国分寺迹,,36.2102418,133.3286895,"Oki Islands, Shimane, Japan",否,,,
拉雷云岛,西之岛,,27.2471188,140.8778523,"Nishinoshima Island, Nishinoshima, Ogasawara, Tokyo 100-2100, Japan",是,,,
拉雷云山,烧火山,,36.0747637,133.0315525,"Mt. Takuhi, Mita, Nishinoshima, Oki District, Shimane 684-0303, Japan",是,,,
嘻可丽丽岛,独岛,,37.2429362803634,131.866842079353,Liancourt,Rocks,是,,
彩虹祭坛,大柱岛,,,,,否,,,
铠岛驿站,拉姆西,,50.98893,-1.49658,"Romsey SO51, UK",是,,,
圆环海湾,拉姆西湾,小箭雀、夜盗火蜥、燃烧虫、吉利蛋、火箭雀、煤炭龟、烈箭鹰、焰后蜥、火神蛾、烛光灵、幸福蛋、水晶灯火灵、喷火龙、九尾、风速狗、墨海马、黏黏宝、心鳞宝、海刺龙、啃果虫、赤面龙、黏美儿、鳞甲龙、暴鲤龙、苹裹龙、丰蜜龙、刺龙王、黏美龙、杖尾鳞甲龙、樱花宝、甜舞妮、藏饱栗鼠、甜冷美后、玛瑙水母、大钳蟹、铁炮鱼、毒刺水母、弱丁鱼、巨钳蟹、章鱼桶、巨翅飞鱼、刺甲贝、大舌贝、龟脚脚、好坏星、拳海参、龟足巨铠、超坏星、滚滚蝙蝠、电飞鼠、毛头小鹰、秃鹰丫头、心蝙蝠、勇士雄鹰、秃鹰娜、咕咕、豆豆鸽、咕咕鸽、猫头夜鹰、高傲雉鸡、贪心栗鼠、长翅鸥、飘飘球、小福蛋、好啦鱿、索侦虫、拳拳蛸、鲤鱼王、石居蟹、啪嚓海胆、胖可丁、胡地、大嘴鸥、勒克猫、伦琴猫、自爆磁怪、索罗亚克、乌贼王、岩狗狗、噬沙堡爷、暴噬龟、八爪武师、电灯怪、胖嘟嘟、沙丘娃,,,,否,,,
健身之海,斯米尔沿海地区,玛瑙水母、鲤鱼王、大舌贝、海星星、毒刺水母、吉利蛋、暴鲤龙、宝石海星、水箭龟、刺甲贝、龟脚脚、幸福蛋、龟足巨铠、灯笼鱼、垃垃藻、铁臂枪虾、吼吼鲸、弱丁鱼、电灯怪、吼鲸王、巨牙鲨、毒藻龙、钢炮臂虾、大嘴鸥、海刺龙、百变怪、利牙鱼、驹刀小兵、索罗亚、乌贼王、龙王蝎、劈斩司令、索罗亚克、好啦鱿、混混鳄、狐大盗、酷豹、流氓鳄、凯罗斯、赫拉克罗斯、石居蟹、天罩虫、岩殿居蟹、飞天螳螂、巨钳螳螂、以欧路普、壶壶、车轮球、蜈蚣王、骑士蜗牛、敏捷虫、滚滚蝙蝠、小箭雀、电飞鼠、毛头小鹰、秃鹰丫头、火箭雀、心蝙蝠、勇士雄鹰、秃鹰娜、烈箭鹰、咕咕、豆豆鸽、咕咕鸽、猫头夜鹰、高傲雉鸡、墨海马、黏黏宝、心鳞宝、啃果虫、赤面龙、黏美儿、鳞甲龙、苹裹龙、丰蜜龙、刺龙王、黏美龙、杖尾鳞甲龙、爆焰龟兽、老翁龙、音波龙、蛋蛋、小福蛋、索侦虫、贪心栗鼠、铁炮鱼、章鱼桶、长翅鸥、飘飘球、小球飞鱼、胖嘟嘟、椰蛋树、洛托姆,,,,否,,,
揖礼原野,哲比,独角犀牛、石丸子、地幔岩、岩狗狗、钻角犀兽、吉利蛋、岩殿居蟹、庞岩怪、超甲狂犀、鬃岩狼人、盆才怪、壶壶、幸福蛋、树才怪、宝宝丁、露力丽、花疗环环、胖丁、玛力露、胖可丁、玛力露丽、钥圈儿、沙奈朵、皮宝宝、睡睡菇、皮皮、奇鲁莉安、皮可西、灯罩夜菇、凯罗斯、赫拉克罗斯、石居蟹、天罩虫、飞天螳螂、巨钳螳螂、以欧路普、车轮球、蜈蚣王、骑士蜗牛、敏捷虫、蚊香蝌蚪、乌波、蚊香君、角金鱼、铁螯龙虾、金鱼王、沼王、蚊香泳士、蚊香蛙皇、龙虾小兵、滴蛛、滴蛛霸、哎呀球菇、伪螳草、百合根娃娃、兰螳花、蔓藤怪、败露球菇、裙儿小姐、巨蔓藤、沙铃仙人掌、暴雪王、小箭雀、夜盗火蜥、燃烧虫、火箭雀、煤炭龟、烈箭鹰、焰后蜥、火神蛾、烛光灵、水晶灯火灵、喷火龙、九尾、风速狗、小约克、卷卷耳、哈约克、长耳兔、土龙弟弟、长毛狗、童偶熊、毛毛角羊、穿着熊、小磁怪、咚咚鼠、小猫怪、莫鲁贝可、勒克猫、三合一磁怪、啪嚓海胆、伦琴猫、自爆磁怪、皮丘、皮卡丘、雷丘、雷电兽、逐电犬、功夫鼬、拳拳蛸、不良蛙、滑滑小子、毒骷蛙、头巾混混、投掷猴、八爪武师、师父鼬、投摔鬼、打击鬼、列阵兵、葱游兵、玛瑙水母、大钳蟹、铁炮鱼、毒刺水母、弱丁鱼、巨钳蟹、章鱼桶、巨翅飞鱼、刺甲贝、大舌贝、龟脚脚、好坏星、拳海参、龟足巨铠、超坏星、贪心栗鼠、啃果虫、拉鲁拉丝、小福蛋、好啦鱿、索侦虫、鲤鱼王、凯西、长翅鸥、大嘴鸥、飘飘球、小球飞鱼、勇基拉、宝石海星、索罗亚、乌贼王、暴噬龟、呆呆兽,,,,否,,,
清凉湿原,萨尔比河谷,,,,,否,,,
斗志洞窟,斯纳费尔山,穿山鼠、黑眼鳄、卡拉卡拉、穿山王、吉利蛋、混混鳄、嘎啦嘎啦、沙螺蟒、袋兽、流氓鳄、大颚蚁、幸福蛋、沙漠蜻蜓、泥偶巨人、可达鸭、咬咬龟、泥泥鳅、刺梭鱼、哥达鸭、古月鸟、暴噬龟、戽斗尖梭、鲶鱼王、野蛮鲈鱼、轻飘飘、沙丘娃、飘飘球、随风球、胖嘟嘟、噬沙堡爷、南瓜怪人、魔灵珊瑚、小磁怪、钥圈儿、驹刀小兵、三合一磁怪、盔甲鸟、劈斩司令、自爆磁怪、喵喵、铜镜怪、齿轮怪、青铜钟、喵头目、路卡利欧、蚊香蝌蚪、乌波、蚊香君、角金鱼、铁螯龙虾、金鱼王、沼王、蚊香泳士、蚊香蛙皇、龙虾小兵、滴蛛、滴蛛霸、大舌头、咕妞妞、大奶罐、吼爆弹、肯泰罗、爆炸头水牛、爆音怪、大舌舔、奇诺栗鼠、大舌贝、刺甲贝、鲤鱼王、玛瑙水母、拳拳蛸、滚滚蝙蝠、石居蟹、胆小虫、啪嚓海胆、心蝙蝠、岩殿居蟹、赤面龙、具甲武者、毒刺水母,47.0761111,12.6913889,"Teufelshorn, 9981, Austria",是,,,
战斗洞窟,圣米迦勒,小磁怪、钥圈儿、驹刀小兵、三合一磁怪、吉利蛋、盔甲鸟、劈斩司令、自爆磁怪、喵喵、铜镜怪、幸福蛋、齿轮怪、青铜钟、喵头目、路卡利欧、可达鸭、蚊香蝌蚪、大舌头、咕妞妞、露力丽、滚滚蝙蝠、泥泥鳅、哥达鸭、蚊香泳士、吼爆弹、庞岩怪、心蝙蝠、赤面龙,22.2878542,114.1957588,"23 Fortress Hill Rd, North Point, Hong Kong",否,,,
专注森林,圣卢,凯罗斯、赫拉克罗斯、石居蟹、天罩虫、吉利蛋、岩殿居蟹、飞天螳螂、巨钳螳螂、以欧路普、壶壶、车轮球、幸福蛋、蜈蚣王、骑士蜗牛、敏捷虫、蛋蛋、哎呀球菇、蔓藤怪、伪螳草、兰螳花、椰蛋树、败露球菇、妙蛙花、巨蔓藤、毒蔷薇、罗丝雷朵、小磁怪、咚咚鼠、小猫怪、莫鲁贝可、勒克猫、三合一磁怪、啪嚓海胆、伦琴猫、自爆磁怪、皮丘、皮卡丘、雷丘、雷电兽、逐电犬、宝宝丁、露力丽、花疗环环、胖丁、玛力露、胖可丁、玛力露丽、钥圈儿、沙奈朵、皮宝宝、睡睡菇、皮皮、奇鲁莉安、皮可西、灯罩夜菇、钳尾蝎、百足蜈蚣、玛瑙水母、毒刺水母、龙王蝎、千针鱼、好坏星、超坏星、双弹瓦斯、可达鸭、咬咬龟、泥泥鳅、刺梭鱼、哥达鸭、古月鸟、暴噬龟、戽斗尖梭、鲶鱼王、圆蝌蚪、蓝蟾蜍、蟾蜍王、暴鲤龙、野蛮鲈鱼、电飞鼠、贪心栗鼠、啃果虫、龙虾小兵、小福蛋、索罗亚、盖盖虫、驹刀小兵、沙包蛇、角金鱼、鲤鱼王、不良蛙、黏黏宝、智挥猩、投掷猴、穿山王、卡拉卡拉、铁螯龙虾、小嘴蜗、燃烧虫,46.135685,2.272921,"23130 Saint-Loup, France",是,,,
挑战海滩,道格拉斯,小箭雀、夜盗火蜥、燃烧虫、吉利蛋、火箭雀、煤炭龟、烈箭鹰、焰后蜥、火神蛾、烛光灵、幸福蛋、水晶灯火灵、喷火龙、九尾、风速狗、可达鸭、咬咬龟、泥泥鳅、刺梭鱼、哥达鸭、古月鸟、暴噬龟、戽斗尖梭、鲶鱼王、圆蝌蚪、蓝蟾蜍、蟾蜍王、暴鲤龙、野蛮鲈鱼、小磁怪、咚咚鼠、小猫怪、莫鲁贝可、勒克猫、三合一磁怪、啪嚓海胆、伦琴猫、自爆磁怪、皮丘、皮卡丘、雷丘、雷电兽、逐电犬、功夫鼬、拳拳蛸、不良蛙、滑滑小子、毒骷蛙、头巾混混、投掷猴、八爪武师、师父鼬、投摔鬼、打击鬼、列阵兵、葱游兵、凯西、蛋蛋、勇基拉、拉鲁拉丝、奇鲁莉安、智挥猩、椰蛋树、沙奈朵、胡地、宝石海星、小灰怪、呆呆兽、梦梦蚀、大宇怪、爱管侍、超能妙喵、玛瑙水母、大钳蟹、铁炮鱼、毒刺水母、弱丁鱼、巨钳蟹、章鱼桶、巨翅飞鱼、刺甲贝、大舌贝、龟脚脚、好坏星、拳海参、龟足巨铠、超坏星、穿山鼠、黑眼鳄、卡拉卡拉、穿山王、混混鳄、嘎啦嘎啦、沙螺蟒、袋兽、流氓鳄、大颚蚁、沙漠蜻蜓、泥偶巨人、轻飘飘、沙丘娃、飘飘球、随风球、胖嘟嘟、噬沙堡爷、南瓜怪人、魔灵珊瑚、贪心栗鼠、啃果虫、胖丁、卷卷耳、小福蛋、好啦鱿、伪螳草、索侦虫、鲤鱼王、破破舵轮、长翅鸥、大嘴鸥、胖可丁、玛力露、玛力露丽、铁螯龙虾、长耳兔、龙王蝎、心蝙蝠、裙儿小姐、乌贼王、兰螳花、花疗环环、具甲武者、电灯怪、海星星,,,,否,,,
水之塔,圣玛丽岛,,-16.8944201,49.9059405,"Nosy Boraha, Madagascar",是,,,
离岛海域,爱尔兰海,宝宝丁、露力丽、吉利蛋、花疗环环、胖丁、玛力露、胖可丁、玛力露丽、钥圈儿、沙奈朵、皮宝宝、睡睡菇、皮皮、幸福蛋、奇鲁莉安、皮可西、灯罩夜菇、小约克、卷卷耳、哈约克、长耳兔、土龙弟弟、长毛狗、童偶熊、毛毛角羊、穿着熊、哎呀球菇、伪螳草、百合根娃娃、兰螳花、蔓藤怪、败露球菇、裙儿小姐、巨蔓藤、沙铃仙人掌、暴雪王、灯笼鱼、垃垃藻、铁臂枪虾、海星星、吼吼鲸、弱丁鱼、宝石海星、电灯怪、吼鲸王、巨牙鲨、毒藻龙、钢炮臂虾、大嘴鸥、海刺龙、玛瑙水母、大钳蟹、铁炮鱼、毒刺水母、巨钳蟹、章鱼桶、巨翅飞鱼、刺甲贝、龟脚脚、冻原熊、冰岩怪、蛋蛋、长翅鸥、小福蛋、索侦虫、贪心栗鼠、啃果虫、鲤鱼王、墨海马、暴鲤龙、飘飘球、小球飞鱼、胖嘟嘟、火箭雀、胡地、椰蛋树、自爆磁怪、索罗亚克、火神蛾,53.8276917,-4.4658366,Irish,Sea,是,,
锻炼平原,拉申,钳尾蝎、百足蜈蚣、玛瑙水母、吉利蛋、车轮球、毒刺水母、龙王蝎、蜈蚣王、千针鱼、好坏星、幸福蛋、败露球菇、超坏星、双弹瓦斯、蛋蛋、哎呀球菇、蔓藤怪、伪螳草、兰螳花、椰蛋树、妙蛙花、巨蔓藤、毒蔷薇、罗丝雷朵、凯西、勇基拉、拉鲁拉丝、奇鲁莉安、智挥猩、沙奈朵、胡地、宝石海星、小灰怪、呆呆兽、梦梦蚀、大宇怪、爱管侍、超能妙喵、独角犀牛、石丸子、地幔岩、岩狗狗、钻角犀兽、岩殿居蟹、庞岩怪、超甲狂犀、鬃岩狼人、盆才怪、壶壶、树才怪、百合根娃娃、裙儿小姐、沙铃仙人掌、暴雪王、凯罗斯、赫拉克罗斯、石居蟹、天罩虫、飞天螳螂、巨钳螳螂、以欧路普、萌虻、索侦虫、电电虫、铁面忍者、电蜘蛛、蝶结萌虻、大舌头、咕妞妞、大奶罐、吼爆弹、肯泰罗、爆炸头水牛、爆音怪、大舌舔、奇诺栗鼠、小猫怪、小福蛋、小约克、好啦鱿、沙包蛇、贪心栗鼠、啃果虫、鲤鱼王、利牙鱼、巨牙鲨、龙虾小兵、古月鸟、刺梭鱼、胖可丁、哥达鸭、三合一磁怪、巨钳蟹、袋兽、玛力露丽、盔甲鸟、大嘴鸥、勒克猫、伦琴猫、随风球、毒骷蛙、哈约克、长毛狗、心蝙蝠、头巾混混、盖盖虫、骑士蜗牛、小嘴蜗、敏捷虫、劈斩司令、火箭雀、烈箭鹰、乌贼王、花疗环环、心鳞宝、铁螯龙虾、戽斗尖梭、海星星,52.1537625,20.9200851,"Raszyn, Poland",是,,,
蜂巢岛,小马恩岛,三蜜蜂、吉利蛋、蜂女王、幸福蛋、小福蛋、百合根娃娃、索侦虫、鲤鱼王、弱丁鱼、玛瑙水母、毒刺水母、暴鲤龙、灯笼鱼、电灯怪、长翅鸥、大嘴鸥、吼吼鲸、飘飘球、小球飞鱼、胖嘟嘟、火箭雀、垃垃藻、毒藻龙、铁臂枪虾、钢炮臂虾、裙儿小姐、花疗环环,54.0512891,-4.8140916,"Calf of Man, Isle of Man",是,,,
蜂巢海,小马恩海峡,墨海马、黏黏宝、心鳞宝、海刺龙、啃果虫、吉利蛋、赤面龙、黏美儿、鳞甲龙、暴鲤龙、苹裹龙、丰蜜龙、刺龙王、黏美龙、杖尾鳞甲龙、爆焰龟兽、老翁龙、幸福蛋、音波龙、功夫鼬、拳拳蛸、不良蛙、滑滑小子、毒骷蛙、头巾混混、投掷猴、八爪武师、师父鼬、投摔鬼、打击鬼、列阵兵、葱游兵、利牙鱼、驹刀小兵、索罗亚、巨牙鲨、乌贼王、龙王蝎、劈斩司令、索罗亚克、好啦鱿、混混鳄、狐大盗、酷豹、流氓鳄、灯笼鱼、垃垃藻、铁臂枪虾、海星星、吼吼鲸、弱丁鱼、宝石海星、电灯怪、吼鲸王、毒藻龙、钢炮臂虾、大嘴鸥、小磁怪、咚咚鼠、小猫怪、莫鲁贝可、勒克猫、三合一磁怪、啪嚓海胆、伦琴猫、自爆磁怪、皮丘、皮卡丘、雷丘、雷电兽、逐电犬、玛瑙水母、鲤鱼王、毒刺水母、长翅鸥、飘飘球、小球飞鱼、胖嘟嘟、火箭雀,,,,否,,,
锅底沙漠,尼亚比尔,穿山鼠、黑眼鳄、卡拉卡拉、穿山王、吉利蛋、混混鳄、嘎啦嘎啦、沙螺蟒、袋兽、流氓鳄、螺钉地鼠、沙包蛇、幸福蛋、龙头地鼠、小箭雀、夜盗火蜥、燃烧虫、火箭雀、煤炭龟、烈箭鹰、焰后蜥、火神蛾、烛光灵、水晶灯火灵、喷火龙、九尾、风速狗、独角犀牛、石丸子、地幔岩、岩狗狗、钻角犀兽、岩殿居蟹、庞岩怪、超甲狂犀、鬃岩狼人、盆才怪、壶壶、树才怪、小猫怪、滑滑小子、驹刀小兵、毛头小鹰、秃鹰丫头、心鳞宝、勇士雄鹰、秃鹰娜,,,,否,,,
挑战之路,皮尔,功夫鼬、拳拳蛸、不良蛙、滑滑小子、吉利蛋、毒骷蛙、头巾混混、投掷猴、八爪武师、师父鼬、投摔鬼、打击鬼、幸福蛋、列阵兵、葱游兵、岩狗狗、鬃岩狼人、滚滚蝙蝠、小箭雀、电飞鼠、毛头小鹰、秃鹰丫头、火箭雀、心蝙蝠、勇士雄鹰、秃鹰娜、烈箭鹰、咕咕、豆豆鸽、咕咕鸽、猫头夜鹰、高傲雉鸡、利牙鱼、驹刀小兵、索罗亚、巨牙鲨、乌贼王、龙王蝎、劈斩司令、索罗亚克、好啦鱿、混混鳄、狐大盗、酷豹、流氓鳄、小猫怪、小福蛋、石丸子、索侦虫、沙包蛇、盔甲鸟、夜盗火蜥、心鳞宝、三合一磁怪、凯罗斯、巨钳螳螂、赫拉克罗斯、随风球、艾路雷朵、岩殿居蟹、焰后蜥,44.3667876,-100.3537522,"Pierre, SD 57501, USA",是,,,
恶之塔,皮尔城堡,,54.2261411,-4.698103,"West Quay, Peel, IM5 1TB, Isle of Man",是,,,
通海坡,中标津町,,43.5552107,144.9715637,"Nakashibetsu, Shibetsu District, Hokkaido, Japan",是,,,
银杏沙滩,标津町,,43.6612538,145.1313612,"Shibetsu, Shibetsu District, Hokkaido, Japan",是,,,
戏水潟湖,风莲湖,,43.3444988,145.273652,"Lake Furen, Hokkaido, Japan",是,,,
温根沼,風蓮湖,,43.3444988,145.273652,"Lake Furen, Hokkaido, Japan",是,,,
鬼枯原,根室半岛,,43.3539417,145.6787281,"Nemuro Peninsula, Makinouchi, Nemuro, Hokkaido 087-0002, Japan",是,,,
沙手,纳沙布岬,,43.3852858,145.8169297,"Nosappu, Nemuro, Hokkaido 087-0165, Japan",否,,,
后浦,落石湾,,43.1816496,145.5146865,"Rakuseki Bay, Japan",是,,,
沙洲道,鹈居岛,,43.2101877,145.5975172,"Yururi Island, Konbumori, Nemuro, Hokkaido 088-1784, Japan",是,,,
小鹈居岛,モユルリ島,,43.2274021,145.6072411,"Moyururi Island, Konbumori, Nemuro, Hokkaido 088-1784, Japan",是,,,
离散石滩,罗臼町,,44.0218788,145.1897129,"Rausu, Menashi District, Hokkaido, Japan",是,,,
未白镇,佐世保市,菊草叶、火球鼠、小锯鳄,33.1804356,129.7157996,"Sasebo, Nagasaki, Japan",是,,,
１０１号道路,佐世保线,,0,0,Sasebo,Line,是,,
古玫镇,佐贺市,,33.2631179,130.3009057,"Saga, Japan",是,,,
１０２号道路,唐津线,,0,0,Karatsu,Line,是,,
１０３号道路,云仙市,,32.8352046,130.1874427,"Unzen, Nagasaki, Japan",是,,,
原始森林,吉野里遗迹,雷公、炎帝、水君,33.3239366,130.3887596,"Yoshinogari Historical Park, 1843 Tade, Yoshinogari, Kanzaki District, Saga 842-0035, Japan",是,,,
橙华市,唐津市,玛力露、鲤鱼王、角金鱼、龙虾小兵、玛力露丽、溜溜糖球、雨翅蛾,33.4500971,129.9682676,"Karatsu, Saga, Japan",是,,,
１０４号道路,东松浦半岛,,33.47048,129.9079202,"Higashimatsuura Peninsula, Daira, Karatsu, Saga 847-0803, Japan",是,,,
橙华森林,古窑森林公园,蛇纹熊、土狼犬、刺尾虫、蘑蘑菇、甲壳茧、盾甲茧、傲骨燕、懒人獭、派拉斯、木棉球、小木灵、木守宫,38.1480847,140.2612388,"5-20 Hayama, Kaminoyama, Yamagata 999-3242, Japan",否,,,
卡那兹市,北九州市,幕下力士、橡实果、触手百合、太古羽虫、菊石兽、化石盔、化石翼龙、头盖龙、盾甲龙、原盖海龟、始祖小鸟,33.8834976,130.8751773,"Kitakyushu, Fukuoka, Japan",是,,,
１１６号道路,太宰府市,,33.5136238,130.5266668,"Dazaifu, Fukuoka, Japan",是,,,
卡绿隧道,耳纳山地,咕妞妞,,,,否,,,
１０５号水路,五岛列岛,,,,,否,,,
１０６号水路,伊万里湾,,33.3274367,129.8417192,"Imari Bay, Japan",是,,,
小岛洞穴,壹岐古坟群,,33.5319223,130.3951098,"2-chōme-17-13 Taiheiji, Minami Ward, Fukuoka, 811-1354, Japan",否,,,
武斗镇,对马岛,玛瑙水母、长翅鸥、大嘴鸥、鲤鱼王、吼吼鲸、刺尾虫,,,,否,,,
１０７,五岛滩,,32.978069,129.131904,"1394-1 Arikawagō, Shinkamigoto, Minamimatsuura District, Nagasaki 857-4211, Japan",否,,,
弃船,海紫堇,玛瑙水母、毒刺水母、鲤鱼王,,,,否,,,
凯那市,长崎市,玛瑙水母、长翅鸥、大嘴鸥、鲤鱼王、吼吼鲸,32.7503334,129.8778888,"Nagasaki, Japan",是,,,
110号道路,熊本渡轮航路,,32.8594427,130.7969149,"Kumamoto, Japan",否,,,
海滨自行车道,岛原铁道线,,0,0,Shimabara,Tetsudo,是,,
紫堇市,熊本市,,32.8032164,130.7079369,"Kumamoto, Japan",是,,,
新紫堇,熊本港,小磁怪、霹雳电球、三合一磁怪、顽皮雷弹,32.7635679,130.590034,"Kumamotominato Ferry Terminal, 1-chōme Shinminato, Nishi Ward, Kumamoto, 861-5274, Japan",否,,,
朦胧洞窟,天草群岛,莱希拉姆、捷克罗姆,32.4095859,130.1043057,"Amakusa Islands, Japan",是,,,
１１７号道路,合志市,,32.8860179,130.7897473,"Koshi, Kumamoto, Japan",是,,,
绿茵镇,菊池市,,32.9789312,130.8129958,"Kikuchi, Kumamoto, Japan",是,,,
１１１号道路,丰后大野市,,32.9783415,131.5843317,"Bungoono, Oita, Japan",是,,,
沙漠,南阿苏村,,32.846531,131.0160326,"Minamiaso, Aso District, Kumamoto, Japan",是,,,
沙漠遗迹,长目冢古坟,雷吉洛克,,,,否,,,
幻影之塔,阿苏大御神御足迹石,穿山鼠、大颚蚁,32.9521207,131.1211959,"Aso, Kumamoto, Japan",否,,,
南帕底亚海,阿尔沃兰海,,36.2144014,-3.4195527,Alboran,Sea,是,,
小匙镇,马拉加,,36.7178196,-4.425557,"Málaga, Spain",是,,,
海湾洞穴,内尔哈洞穴,,36.756395,-3.8727496,"29780 Nerja, Málaga, Spain",否,,,
平碟镇,格拉纳达,,37.1824607,-3.6011676,"Granada, Spain",是,,,
南第５区,塔韦纳斯沙漠,,37.0012053,-2.4503981,"Tabernas, 04260, Almería, Spain",是,,,
僻静海滩,加塔角,,36.7233333,-2.1788889,"Cape Gata, Spain",是,,,
桌台市,科尔多瓦,,37.8893025,-4.7792753,"Córdoba, Spain",是,,,
橘子/葡萄学院,圣家堂,,41.4036299,2.1743558,"Carrer de Mallorca, 401, L'Eixample, 08013 Barcelona, Spain",是,,,
深钵镇,卡塔赫纳,,10.3932277,-75.4832311,"Cartagena, Cartagena Province, Bolivar, Colombia",是,,,
酿光市,巴伦西亚,,39.4738338,-0.3756348,"Valencia, Spain",是,,,
穴扎镇,特鲁埃尔,,40.3456879,-1.1064345,"Teruel, Spain",是,,,
印记树林,佩尼亚弗洛尔保护区,,37.7102676,-5.3453537,"41470 Peñaflor, Seville, Spain",否,,,
帕底亚最高峰,阿内托峰,,42.6311217,0.6566032,"Aneto, 22440, Huesca, Spain",是,,,
北第１区,奥尔德萨国家公园,,42.6468705,0.0349001,"Ordesa y Monte Perdido National Park, C. Felipe Coscolla, 11, 22004 Huesca, Spain",否,,,
春临镇,倉敷市,,34.5849782,133.7719812,"Kurashiki, Okayama, Japan",是,,,
塌菜草原,児島,,,,,否,,,
丁香森林,浅口市付近,,34.5278237,133.5848277,"Asakuchi, Okayama, Japan",是,,,
藏红隧道,岡山市,,34.656228,133.9194179,"Okayama, Japan",是,,,
夏漫岛,福田港,,34.542829,134.3442379,"Japan, 〒761-4402 Kagawa, Shozu District, Shodoshima, Fukuda, 福田港",否,,,
番红海,瀬戸内海,,34.1321409,133.2446592,"Seto Inland Sea, Japan",是,,,
橄榄丛林,寒霞渓,,34.5156402,134.3006589,"乙１６８ Kankakedōri, Shodoshima, Shozu District, Kagawa 761-4433, Japan",否,,,
丛林遗迹,小豆島八十八箇所,,34.5056561,134.3047285,"Shōdo Island, Shozu District, Kagawa, Japan",否,,,
风铃洞窟,百間川,,34.6496051150752,133.96750408785,"Hyakuken River, Okayama, Japan",是,,,
秋露市,赤穂市,,34.7550685,134.3902271,"Ako, Hyogo, Japan",是,,,
夜班工厂,赤穂市海浜公園,,34.7379379,134.3998796,"Kaihincho, Ako, Hyogo 678-0225, Japan",否,,,
冬迎镇,赤磐市,,34.7553712,134.0187579,"Akaiwa, Okayama, Japan",是,,,
仙客来山脉,中国山地,,35.3710994,133.5461718,"Chūgoku Mountains, Daisen, Saihaku District, Tottori 689-3318, Japan",是,,,
菲蕾神殿,後山,,35.1868683,134.4112694,"Mount Ushiro, Chikusacho Koro, Shiso, Hyogo 671-3231, Japan",是,,,
卡拉卡沙漠,鳥取砂丘,,35.5434827,134.2365776,"Tottori Sand Dunes, 2164-971 Fukubechō Yuyama, Tottori, 689-0105, Japan",是,,,
矽铍市,菲尼克斯,,33.4482266,-112.0776781,"Phoenix, AZ, USA",是,,,
黄铁镇,威肯勃格,,33.9697664,-112.7301882,"Wickenburg, AZ 85390, USA",是,,,
玛瑙村,弗拉格斯塔夫,,35.1982836,-111.651302,"Flagstaff, AZ, USA",是,,,
堇青港,哈瓦苏湖城,,34.4769588,-114.3191952,"Lake Havasu City, AZ, USA",是,,,
对战山,汉弗莱斯峰,,35.3466618,-111.6784914,"Humphreys Peak, Arizona 86001, USA",是,,,
镍暗岛,米德湖群岛,,36.1435231,-114.4144415,"Lake Mead, United States",否,,,
郊外站,阿帕奇章克申,,33.414911,-111.5500532,"Apache Junction, AZ, USA",是,,,
神圣森林祠堂,可可尼诺国家森林,,34.913269,-111.5589448,"Coconino National Forest, 1824 S Thompson St, Flagstaff, AZ 86001, USA",否,,,
宝可梦综合研究所,米德湖国家休闲区,,36.1550863,-114.4559303,"Lake Mead National Recreation Area, 10 Lakeshore Rd, Boulder City, NV 89005, USA",否,,,
姜荷博士的房子,普雷斯科特,,34.5394432,-112.4681888,"Prescott, AZ, USA",是,,,
黑暗宝可梦研究所,沙漠景观瞭望塔,,,,,否,,,
榴辉峡谷,化石森林国家公园,,34.9583248,-109.7593953,"Petrified Forest National Park, Arizona, USA",否,,,
天秤座号,摩门湖,,,,,否,,,
宝可场所（岩地）,肖洛,,34.2542084,-110.0298327,"Show Low, AZ, USA",是,,,
宝可场所（洞窟）,大峡谷,,,,,否,,,
Euskadi,比斯开省,,43.2204286,-2.6983868,"Biscay, Spain",是,,,
冰柜镇,维多利亚,,48.4284207,-123.3656444,"Victoria, BC, Canada",是,,,
北第３区,桑坦德湾,,43.4496899,-3.8061782,"Bahía de Santander, Spain",是,,,
北帕底亚海,坎塔布里亚海,,43.968966,-5.3939551,Cantabrian,Sea,是,,
锅巴林道,欧梅原始森林,,,,,否,,,
名福其石,埃库莱斯塔,,43.3859572,-8.4064953,"Torre de Hércules, Av. Navarra, s/n, 15002 A Coruña, La Coruña, Spain",是,,,
大锅湖,萨纳夫里亚湖与杜罗河河谷,,42.1206858,-6.7253164,"Sanabria Lake, Zamora, Spain",否,,,
锦汇镇,巴利亚多利德,,41.6543639,-4.7222733,"Valladolid, Spain",是,,,
渍沁镇,纳扎雷,,39.6015562,-9.0677509,"2450 Nazaré, Portugal",是,,,
帕底亚巨坑,新卡斯蒂利亚,,3.82848,-73.68875,"Castilla la Nueva, Meta, Colombia",是,,,
第零区,瓜达拉马山脉,,40.8509017,-3.9499712,"Sierra de Guadarrama, 28741, Madrid, Spain",是,,,
北上乡,盛冈市,,39.7019558,141.1543303,"Morioka, Iwate, Japan",是,,,
启程草原,宿毛市,,32.9389868,132.7261631,"Sukumo, Kochi, Japan",是,,,
阴湿森林,八幡滨市,,33.4628782,132.4233981,"Yawatahama, Ehime, Japan",是,,,
弯弯河流,仁淀川,,33.5327744978749,133.273446147025,"Niyodo River, Kochi, Japan",是,,,
干渴岩山,石锤山,,33.7682517,133.1142954,"Mount Ishizuchi, Wakayama, Kumakogen, Kamiukena District, Ehime 791-1710, Japan",是,,,
脐眼洞穴,别子铜山,,,,,否,,,
剑山原野,安艺市,,33.5025379,133.9071048,"Aki, Kochi, Japan",是,,,
迷幻森林,祖谷溪,宝包茧、木棉球、百合根娃娃、咕咕鸽、百足蜈蚣、差不多娃娃、电飞鼠、花椰猴、爆香猴、冷水猴、高傲雉鸡、保姆虫、风妖精、裙儿小姐、野蛮鲈鱼、角金鱼、金鱼王、索罗亚克、毒蔷薇、三蜜蜂、赫拉克罗斯、凯罗斯、车轮球、罗丝雷朵、蜂女王、泳圈鼬、浮潜鼬、蚊香蝌蚪、蚊香君、蚊香蛙皇,,,,否,,,
静寂台地,高松市,,34.342542,134.0465405,"Takamatsu, Kagawa, Japan",是,,,
夜光洞窟,惠比须洞,,,,,否,,,
边际海滨,室户岬,,,,,否,,,
传说空间,高知市,,33.5588821,133.5312383,"Kochi, Japan",是,,,
奇遇之岛,桂滨,,33.4974537,133.5748696,"6 Urado, Kochi, 781-0262, Japan",是,,,
１３１号水路,宇治群岛,,31.1842322,129.4433335,"Uji Islands, Kasasacho Kataura, Minamisatsuma, Kagoshima 897-1301, Japan",是,,,
天空之柱,口永良部岛,大嘴蝠、勾魂眼、大嘴娃、念力土偶、诅咒娃娃、彷徨夜灵、七夕青鸟、烈空坐、阿利多斯、青绵鸟,30.4447113,130.2168991,"Kuchinoerabu Island, Kuchinoerabujima, Yakushima, Kumage District, Kagoshima 891-4208, Japan",是,,,
暮水镇,甑岛列岛,玛瑙水母、长翅鸥、大嘴鸥、鲤鱼王、吼吼鲸、巨牙鲨、太阳珊瑚、墨海马、毒刺水母、喵喵,31.8005999,129.829615,"Naka-Koshiki Island, Kamikoshikicho Taira, Satsumasendai, Kagoshima 896-1281, Japan",是,,,
１３２号水路,草垣群岛,,30.8476318,129.4324081,"Kusagaki Islands, Kasasacho Kataura, Minamisatsuma, Kagoshima 897-1301, Japan",是,,,
无名平原,下甑岛,勾帕路翁、代拉基翁、毕力吉翁,31.7034511,129.7240289,"Shimokoshiki-jima, Satsumasendai, Kagoshima, Japan",是,,,
１３３号水路～１３４号水路,天草滩,,32.5637942,129.7924239,"Amakusa-nada Sea, Japan",是,,,
对战塔,鹿儿岛县,,31.3911958,130.8778586,"Kagoshima, Japan",是,,,
布告石室,与那国岛,,24.4560321,122.9944636,"Yonaguni, Yaeyama District, Okinawa 907-1801, Japan",是,,,
南方孤岛,男女群岛,拉帝亚斯、拉帝欧斯,32.0239202,128.3851838,"Danjo Islands, Japan",是,,,
歪曲洞穴,九重山,酋雷姆,33.1082158,131.2913574,"Kujurenzan, Kujumachi Oaza Ariuji, Taketa, Oita 878-0202, Japan",是,,,
１１２号道路,河阳村,,28.724419,120.009746,"Heyangcun, Jinyun County, Lishui, Zhejiang, China, 321402",是,,,
凹凸山道,熊本县道,呆火驼、腕力、跳跳猪、猴怪、小火马、无畏小子,32.8594427,130.7969149,"Kumamoto, Japan",是,,,
烟突山,阿苏山,,32.8985064,131.0874754,"Mount Aso, Takawara, Aso, Kumamoto 869-2223, Japan",是,,,
釜炎镇,阿苏市,小果然、波克比、变隐龙,32.9521207,131.1211959,"Aso, Kumamoto, Japan",是,,,
秋叶镇,大分市,,33.2396084,131.6095148,"Oita, Japan",是,,,
１１４号道路,别府市,,33.2844614,131.4907093,"Beppu, Oita, Japan",是,,,
流星瀑布,羽门瀑布,超音蝠、太阳岩、月石、鲤鱼王、角金鱼、泥泥鳅、大嘴蝠、鲶鱼王、宝贝龙、皮皮、赤面龙、单首龙,33.4236202,131.5120403,"Japan, 〒879-1306 大分県杵築市山香町大字野原",否,,,
１１８号道路,宇土市,,32.6873631,130.6589603,"Uto, Kumamoto, Japan",是,,,
１１９号道路,高千穗峡,,32.7012777,131.3007272,"Takachiho Gorge, Mukōyama, Takachiho, Nishiusuki District, Miyazaki 882-1103, Japan",是,,,
茵郁市,日向市,向尾喵、正电拍拍,32.4225894,131.624414,"Hyuga, Miyazaki, Japan",是,,,
天旱石窟,天岩户神社,大嘴蝠、超音蝠、角金鱼、鲤鱼王、泥泥鳅、席多蓝恩,32.7344861,131.3507125,"1073-1 Iwato, Takachiho, Nishiusuki District, Miyazaki 882-1621, Japan",否,,,
１２０号道路,雾岛山,,31.9291565,130.9265831,"Mount Kirishima, Hosono, Kobayashi, Miyazaki 886-0004, Japan",是,,,
古代坟墓,高屋山上陵,雷吉斯奇鲁,,,,否,,,
１２１号道路,雾岛市,,31.7407317,130.7633282,"Kirishima, Kagoshima, Japan",是,,,
狩猎地带,宫崎市凤凰自然动物园,,31.9828929,131.4761039,"Miyazaki City Phoenix Zoo, 浜山-3083-42 Shioji, Miyazaki, 880-0122, Japan",否,,,
１２２号水路,鹿儿岛湾,,31.3801286,130.6558294,"Kagoshima Bay, Japan",是,,,
送神山,樱岛,夜巡灵、怨影娃娃、玛沙那、六尾、长翅鸥、风铃铃、卡蒂狗、铜镜怪、小灰怪,31.583333,130.65,"Sakurajima, Sakurajimaakamizucho, Kagoshima, 891-1420, Japan",是,,,
１２３号道路,出水市,,32.0903001,130.3531905,"Izumi, Kagoshima, Japan",是,,,
水静市,鹿屋市,玛瑙水母、长翅鸥、大嘴鸥、鲤鱼王、吼吼鲸、海星星、隆隆石、皮卡丘,31.3782477,130.8522618,"Kanoya, Kagoshima, Japan",是,,,
１２4号水路,吐噶喇群岛,,29.8414226,129.8702977,"Tokara Islands, Toshima, Kagoshima District, Kagoshima, Japan",是,,,
海洋队基地,喜界岛,,28.3216123,129.9709674,"Kikaijima, Kikai, Oshima District, Kagoshima, Japan",是,,,
未知洞窟,德之岛,由克希、艾姆利多、亚克诺姆,27.7904264,128.9668067,"Tokunoshima, Oshima District, Kagoshima, Japan",是,,,
１２５号水路,奄美大岛,,28.2678467,129.3621196,"Amami Ōshima, Kagoshima, Japan",是,,,
浅滩洞穴,马毛岛,海豹球、超音蝠、大嘴蝠、玛瑙水母、鲤鱼王、吼吼鲸、雪童子、海魔狮、白海狮、信使鸟、喷嚏熊、毒刺水母、隆隆石,30.738748,130.852576,"Mageshima, Nishinoomote, Kagoshima 891-3118, Japan",是,,,
绿岭市,种子岛,玛瑙水母、长翅鸥、大嘴鸥、鲤鱼王、吼吼鲸、巨牙鲨、铁哑铃、毒刺水母,30.609558,130.9788775,"Tanegashima, Kagoshima, Japan",是,,,
绿岭宇宙中心,种子岛航天中心,,30.374865,130.9576461,"Japan, 〒891-3703 Kagoshima, Kumage District, Minamitane, Kukinaga, ９９９９−７ 種子島宇宙センター宇宙科学技術館",否,,,
鬼界破火山口,屋久島,,30.3445936,130.5127142,"Yakushima Island, Yakushima, Kumage District, Kagoshima, Japan",是,,,
１２７号水路,伊平屋伊是名群岛,,,,,否,,,
１２８号水路,庆良间群岛,,,,,否,,,
海底洞窟,伊是名岛,超音蝠、大嘴蝠、玛瑙水母、鲤鱼王、吼吼鲸、毒刺水母、隆隆石,26.9341601,127.9413748,"Izenajima, Izena, Shimajiri District, Okinawa, Japan",是,,,
彩悠市,那霸市,,26.2130411,127.6785471,"Naha, Okinawa, Japan",是,,,
冠军之路,山原,,,,,否,,,
宝可梦联盟,首里城,,26.2170449,127.7194833,"3-chōme-1-2 Shurikinjōchō, Naha, Okinawa 903-0815, Japan",是,,,
１２９号水路,渡名喜岛,,26.362571,127.1446201,"Tonaki Island, Tonaki, Shimajiri District, Okinawa 901-3601, Japan",是,,,
弓形岛,粟国岛,,26.5890557,127.2383506,"Aguni Island, Aguni, Shimajiri District, Okinawa, Japan",是,,,
幻之岛,八重干濑,小果然,,,,否,,,
巡护员学校,北斗市特拉比斯修道院,,41.823019,140.6526793,"Hokuto, Hokkaido, Japan",否,,,
菊苣村,松前町,,33.7874698,132.7113675,"Masaki, Iyo District, Ehime, Japan",是,,,
海洋洞窟,木无岳,,,,,否,,,
风绕镇,江差町,,41.8692269,140.1275272,"Esashi, Hiyama District, Hokkaido, Japan",是,,,
风绕森林,函馆山,,41.7592941,140.703917,"Mount Hakodate, Hakodateyama, Hakodate, Hokkaido 040-0000, Japan",是,,,
港泊镇,函馆市,,41.7686961,140.7290599,"Hakodate, Hokkaido, Japan",是,,,
天使公园,五棱郭,,41.7969245,140.7567838,"44-44 Goryōkakuchō, Hakodate, Hokkaido 040-0001, Japan",否,,,
天使大厦,五棱郭塔,,41.7969245,140.7567838,"44-44 Goryōkakuchō, Hakodate, Hokkaido 040-0001, Japan",否,,,
致命悬崖,昆布岳,,42.7104907,140.6556179,"Mt. Konbu, Kinuoka, Niseko, Abuta District, Hokkaido 048-1500, Japan",是,,,
线绘高原,羊蹄山,,42.826976,140.806821,"Mount Yōtei, Kawanishi, Kyogoku, Abuta District, Hokkaido 044-0131, Japan",是,,,
锅陆岛,陆奥市,,41.2927986,141.1834683,"Mutsu, Aomori, Japan",是,,,
火山洞窟,恐山,,41.308333,141.088056,"Mount Osore, Ohata, Mutsu, Aomori 039-4401, Japan",是,,,
水精洞窟,狩场山地,,,,,否,,,
凛冽研究营,新雪谷町,,42.8047856,140.6874494,"Niseko, Abuta District, Hokkaido, Japan",是,,,
冷水谷,新雪谷安努普利,,42.8748819,140.6587835,"Mt. Niseko-Annupuri, Iwaobetsu, Kutchan, Abuta District, Hokkaido 044-0082, Japan",是,,,
海底油田基地,青函隧道,,,,,否,,,
港泊海,津轻海峡,,41.2955896,140.7959595,"Tsugaru Straits, Japan",是,,,
吼鲸王之海,陆奥湾,,41.0783994,141.0617729,"Mutsu Bay, Japan",是,,,
渺远村,青森市,,40.8222197,140.7473524,"Aomori, Japan",是,,,
河马兽神殿,三内丸山遗迹,,40.8105931,140.6967257,"Maruyama-305 Sannai, Aomori, 038-0031, Japan",否,,,
捕猎竞技场,渡岛大岛,,41.5075098,139.354181,"Oshima Island, Oshima, Matsumae, Matsumae District, Hokkaido 049-1500, Japan",是,,,
祝庆村,石狩湾,,43.308681,141.2706239,石狩湾,是,,,
祝庆村,札幌市,,43.0617713,141.3544506,"Sapporo, Hokkaido, Japan",是,,,
水脉桥,创成桥,,,,,否,,,
花苑道,札幌大通,,43.0597094,141.3433636,"Odori Ave, Chuo Ward, Sapporo, Hokkaido, Japan",是,,,
银河队总部,北海道厅旧本厅舍,,43.0643091,141.3468324,"6 Chome Kita 3 Jonishi, Chuo Ward, Sapporo, Hokkaido 060-0003, Japan",否,,,
训练场,札幌练兵场,,43.0617713,141.3544506,"Sapporo, Hokkaido, Japan",否,,,
农场,山鼻村,,,,,否,,,
放牧场,札幌村,,43.0617713,141.3544506,"Sapporo, Hokkaido, Japan",是,,,
大志坡,羊丘,,,,,否,,,
蹄铁草原,野幌丘陵,,,,,否,,,
角鹿高岗,马追丘陵,,,,,否,,,
真砂平原,勇拂平野,,,,,否,,,
心齐湖洞窟,大岛,,19.5429151,-155.6658568,"Island of Hawai'i, Hawaii, USA",是,,,
黑曜瀑布,千鸟瀑布,,,,,否,,,
险林,栗山町,,43.0563748,141.7841372,"Kuriyama, Yubari District, Hokkaido, Japan",是,,,
漩涡岛,淡路岛,大钳蟹、超音蝠、小海狮、大嘴蝠、玛瑙水母、墨海马、毒刺水母、鲤鱼王、巨钳蟹、海刺龙、洛奇亚、幕下力士、阿勃梭鲁、铃铛响、铜镜怪,34.3257122,134.813111,"Awaji Island, Hyogo, Japan",是,,,
41号水路,鸣门海峡,,34.2418331,134.6499611,"Naruto Strait, Japan",是,,,
湛蓝市,鸣门市,大钳蟹、壶壶、玛瑙水母、毒刺水母、鲤鱼王、太阳珊瑚、海星星、巨钳蟹,34.1726034,134.608866,"Naruto, Tokushima, Japan",是,,,
卡吉镇,甲贺市,,34.966081,136.166348,"Koka, Shiga, Japan",是,,,
龙穴,金樱神社,鲤鱼王、迷你龙、哈克龙,35.7694028,138.5559021,"2347 Mitakechō, Kofu, Yamanashi 400-1218, Japan",否,,,
断崖入口,那贺町,乌波、沼王、鲤鱼王、蚊香蝌蚪,33.8574529,134.4966709,"Naka, Naka District, Tokushima, Japan",是,,,
埋藏之塔,剑山,盖欧卡、固拉多、烈空坐,33.8535949,134.0941633,"Mount Tsurugi, Higashiiyasugeoi, Miyoshi, Tokushima 778-0201, Japan",是,,,
47-48号道路,大步危,,,,,否,,,
38-39号道路,六甲山,,34.7780226,135.2637238,"Mount Rokkō, Arimacho, Kita Ward, Kobe, Hyogo 651-1401, Japan",是,,,
哞哞牧场,神户市立六甲山牧场,,34.7515873,135.2090028,"Japan, 〒657-0101 Hyogo, Kobe, Nada Ward, Rokkōsanchō, Nakaichiriyama−１−１",否,,,
浅葱市,神户市,霹雳电球、玛瑙水母、毒刺水母、鲤鱼王、大钳蟹、太阳珊瑚、海星星、巨钳蟹、灯笼鱼、大舌贝、电灯怪、大钢蛇,34.6900806,135.1956311,"Kobe, Hyogo, Japan",是,,,
浅葱道馆,神户制钢所,,,,,否,,,
浅葱灯塔,和田岬灯塔,,34.6432022,135.1223138,"1 Chome-1 Sumauradori, Suma Ward, Kobe, Hyogo 654-0055, Japan",否,,,
40号水路,明石海峡,,34.6392759,134.9853211,"Japan, 明石海峡",是,,,
擂钵山,比叡山,小拉达、拉达、超音蝠、大嘴蝠、腕力、小拳石、玛力露、角金鱼、金鱼王、鲤鱼王、豪力、隆隆石、无畏小子、幕下力士、阿勃梭鲁、铃铛响、铜镜怪,35.0622477,135.8315317,"Mount Hiei, Ichijoji Idegadanichosenguchi, Sakyo Ward, Kyoto, 606-0000, Japan",是,,,
44号道路,铃鹿山脉,,35.1792328,136.4143377,"Suzuka Mountains, Kimigahatacho, Higashiomi, Shiga 527-0202, Japan",是,,,
42号道路,大津市～草津市,,35.013047,135.9597579,"Kusatsu, Shiga, Japan",是,,,
43号道路,近江八幡市,,35.1283594,136.0979635,"Omihachiman, Shiga, Japan",是,,,
怒之湖,琵琶湖,,35.3456394,136.1709012,"Lake Biwa, Shiga, Japan",是,,,
冰雪小径,鸣泽冰穴,超音蝠、大嘴蝠、小山猪、信使鸟、迷唇姐、狃拉、幕下力士、阿勃梭鲁、铃铛响、铜镜怪,35.4749276,138.6669694,"Japan, 〒401-0320 Yamanashi, Minamitsuru District, Narusawa, 鳴沢８５３３",否,,,
烟墨市,白川乡,钻角犀兽、嘟嘟利、鲤鱼王、蚊香蝌蚪、蚊香君,,,,否,,,
45号道路,天龙川,,35.3544177753949,137.922054712481,"Tenryū River, Japan",是,,,
黑暗洞穴,赤石山脉,,35.6710987,138.2420361,"Akaishi Mountains, Ashiyasuashikura, Minami-Alps, Yamanashi 400-0241, Japan",是,,,
狩猎地带,纽雷欧玛世界,,,,,否,,,
开拓区入口,姬路市,,34.8154176,134.6855509,"Himeji, Hyogo, Japan",是,,,
对战开拓区,姬路中央公园,,34.871029,134.764362,"Kodani-1434 Toyotomichō, Himeji, Hyogo 679-2121, Japan",否,,,
对战城堡,姬路城,,34.839449,134.6939047,"68 Honmachi, Himeji, Hyogo 670-0012, Japan",是,,,
神都遗迹,立山,,36.575833,137.619722,"Mount Tate, Ashikuraji, Tateyama, Nakaniikawa District, Toyama 930-1406, Japan",是,,,
化朗镇,温德米尔,敲音猴,54.3739306,-2.9376445,"Windermere, United Kingdom",是,,,
１号道路和木杆镇,波尼斯,,54.364703,-2.919627,"Bowness-on-Windermere, Windermere LA23, UK",是,,,
２号道路,弗内斯,,54.1142585,-3.2362276,"Furness, UK",是,,,
微寐森林,格里兹戴尔森林,咕咕、强颚鸡母虫、贪心栗鼠、稚山雀、索侦虫、巴大蝶、双弹瓦斯、食梦梦、泥巴鱼、钢铠鸦、鲤鱼王、泥泥鳅、鲶鱼王,,,,否,,,
旷野地带,湖区,,,,,否,,,
宝可梦巢穴,“巨人之路”,,55.2408073,-6.5115554,"Giant's Causeway, 44 Causeway Rd, Bushmills BT57 8SU, UK",是,,,
机擎市,曼彻斯特,鲤鱼王、泥泥鳅、贪心栗鼠,53.4807593,-2.2426305,"Manchester, UK",是,,,
３号道路和伽勒尔矿山,曼彻斯特煤田,,34.7005588,135.4957339,"Umeda, Kita Ward, Osaka, 530-0001, Japan",否,,,
４号道路,约克郡谷地,,54.2670223,-2.0841784,"Yorkshire Dales, Leyburn DL8 3DN, UK",是,,,
草路镇,约克,铁螯龙虾,53.9614205,-1.0739108,"York, UK",是,,,
５号道路,里伯海德铁路桥,,,,,否,,,
水舟镇,利物浦,灯笼鱼、野蛮鲈鱼、弱丁鱼、木棉球,,,,否,,,
第二矿山,兰开夏煤田,壶壶、无壳海兔、不良蛙、滑滑小子、泥巴鱼、龟脚脚、嗡蝠、胆小虫、咬咬龟、泥泥鳅、龙虾小兵、海兔兽、暴噬龟,53.9690089,-2.6276908,"Lancashire, UK",否,,,
机擎市郊外,桑基铁路桥,不良蛙、滑滑小子、石丸子、驹刀小兵、咬咬龟、捣蛋小妖、猫头夜鹰、树才怪、瓦斯弹、迷布莉姆、打击鬼、投摔鬼、夜盗火蜥,,,,否,,,
拳关市,伯明翰,波克比,52.4822694,-1.8900078,"Birmingham, UK",是,,,
６号道路,峰区,,53.29916,-1.801692,"Peak District National Park, United Kingdom",是,,,
溯传镇,切斯特菲尔德,迷布莉姆、捣蛋小妖,53.2334883,-1.4238013,"Chesterfield, UK",是,,,
迷光森林,雪伍德森林,粉香香、绵绵泡芙、小木灵、灯罩夜菇、投掷猴、来悲茶、提布莉姆、诈唬魔、爱管侍、捣蛋小妖,53.205875,-1.0860901,"Sherwood Forest, Mansfield, UK",是,,,
舞姿镇,诺丁汉,,52.9540223,-1.1549892,"Nottingham, UK",是,,,
７号道路,铁桥谷,,52.631318,-2.4866091,"Ironbridge Gorge Civil Parish, Telford, UK",是,,,
８号道路,科茨沃尔德,,51.794968,-1.8838937,"Cotswold District, UK",是,,,
战竞镇,巴斯,投摔鬼,51.3781018,-2.3596827,"Bath, UK",是,,,
战竞湾,卡迪根湾,,,,,否,,,
尖钉镇郊外,大欧姆,,,,,否,,,
尖钉镇,兰迪德诺,魔墙人偶,53.324061,-3.827609,"Llandudno LL30, UK",是,,,
九路隧道,康威隧道,,,,,否,,,
白丘,奇尔特恩丘陵,,51.7250784,-0.8092259,"Chiltern Hills, Princes Risborough HP27 0RP, UK",是,,,
宫门市,伦敦,铝钢龙,51.5072178,-0.1275862,"London, UK",是,,,
２２３号水路,齿舞群岛,,43.5,146.1666667,Habomai,Islands,是,,
２２４号道路,爷爷岳～洛夫佐夫角一带,,,,,否,,,
破海之路,大千岛群岛,,47.283333,151.5,"Greater Kuril Ridge, Russia",是,,,
花之乐园,阿赖度岛,谢米,50.8597222,155.5594444,"Atlasov Island, Sakhalin Oblast, Russia, 694550",是,,,
对战特区,涅韦尔斯克,,46.6774007,141.8559617,"Nevelsk, Sakhalin Oblast, Russia",是,,,
２２６号水路,鲑湾,,,,,否,,,
２２７号道路,达奇涅村,,,,,否,,,
２２８号道路,湖滨村等地,,,,,否,,,
２２９号道路,阿尼瓦岬,,46.0197222,143.4141667,"Aniva, Russia, 694005",是,,,
名胜区,诺维科沃,哥达鸭、可达鸭、鲤鱼王、角金鱼、暴鲤龙、金鱼王,57.726253,36.5265644,"Novikovo, Tver Oblast, Russia, 171960",是,,,
２３０号水路,阿尼瓦湾,,46.6,142.6,"Aniva Bay, Russia, 694030",是,,,
